"On my you will find the apology that I owe you. [ shuffles his feet and looks at the floor] [SEP] Na mém najdete omluvu , kterou vám dlužím .",0,1
He was NOT on the all century team...please stop adding him. That team was decided upon in 1999 - long before Suh [SEP] Nebyl v celém století týmu . . . prosím přestaňte ho přidat . Ten tým byl rozhodnut v roce 1999 - dlouho před Suh,1,0
Shouldn't this one be deleted? It's renamed to Sunday [SEP] Tohle by nemělo být vymazáno ?,1,0
"Please stop adding nonsense to Wikipedia. It is considered vandalism. If you want to experiment, please use the sandbox. Thank you. [SEP] Prosím , přestaňte přidávat nesmysly do Wikipedie . Je to považováno za vandalismus . Pokud chcete experimentovat , prosím , použijte písečnou skříňku .",0,1
"and suck a dick two times every hour until sunrise [SEP] a vysát péro dvakrát za hodinu , do úsvitu slunce",0,1
"I knew you were a dick but a fag too? nice job on the morgan discussion I liked how you buried the comments in the archive section [SEP] Věděl jsem , že jsi pták , ale taky teplouš ? Pěkná práce na morganově diskuzi Líbilo se mi , jak jsi pohřbil komentáře v sekci archivu",0,1
im tlaking about the gore verbinski quote on the pirates films page. I kept taking it down. Is my evidence good enough for you? [SEP] Pořád jsem to bral dolů . Je můj důkaz dost dobrý pro tebe ?,0,1
"You can't warnings you moron! Now leave the page alone you fool. [SEP] Nemůžeš varovat , blbečku ! Teď tu stránku nech na pokoji , ty blázne .",0,1
"I don't see why not. You might look at List of Justices of the Supreme Court of the United States, a featured list, for inspiration. [SEP] Možná se podíváte na seznam soudců Nejvyššího soudu Spojených států , který je součástí seznamu pro inspiraci .",1,0
"Please be aware that links to private, for-profit city guides constitutes spamming per Wikipedia rules and will be reverted. [SEP] Vezměte prosím na vědomí , že odkazy na soukromé , neziskové průvodce městem představují spam podle pravidel Wikipedie a budou zrušeny .",1,0
"in the anime she had a true star seed and was a senshi but never transformed probly [SEP] v anime měla opravdové hvězdné semeno a byla senshi , ale nikdy neproměnila důkladně",1,0
"THIS IS MY PAGE>YOU HAVE NO RIGHTS tO DELETE MY COMMENTS HERE>ALSO SEE AT YOUR REVIEW PAGE>YOU WILL GET SURPRISE> [SEP] Toto je mé stránky>Nemáte žádné práva , abyste zrušili mé komentáře zde>A také zobrazit na své stránky prohlédnutí>budete mít zaplaceno>",1,0
"Yep, I'm Catholic. Convert since 1998. I go to St. John's. You? [SEP] Jo , jsem katolík , předělávám se od roku 1998 .",1,0
"I realize that Wikipedia is anti-Jewish, but you should still at least try to provide a reason based on your slily Wikipedia policies. [SEP] Uvědomuji si , že Wikipedia je proti Židům , ale stejně bys měl alespoň zkusit poskytnout důvod založený na tvých nepatrných zásadách Wikipedie .",1,0
working photojournalists (obviously). Beingsshepherd [SEP] pracovní fotoreportéry ( očividně ) .,0,1
"You're wrong simi, I cannot live on two different continents. 128.6 is you btw. Someone check. hganesan [SEP] Ty se mýlíš , Simi , nemůžu žít na dvou různých kontinentech . 128 . 6 je to ty btw .",1,0
"Get the fuck off my page, you motherfucking mullet! [SEP] Vypadni kurva z mé stránky , ty zkurvenej děvko !",0,1
"Jimmy Wales is not the sole founder of Wikipedia. Larry Sanger was his partner but was driven out after a falling out between the two. [SEP] Jimmy Wales není jediným zakladatelem Wikipedie . Larry Sanger byl jeho partner , ale byl odvezen po pádu mezi nimi .",1,0
I've taken these suggestions into accoint and changed the example adequatly [SEP] Vzal jsem tyto návrhy do accoint a odpovídajícím způsobem změnil příklad,1,0
Rainbow a Free online New Generation's Magazine in English and Malayalam [SEP] Rainbow volný on - line časopis nové generace v angličtině a Malayalam,1,0
"Please do. I would enjoy to hear it in Lebanese if you have that as well. [SEP] Rád bych to slyšel v libanonštině , kdybys to taky slyšel .",1,0
Just wanted to thank Skomoroh for the lovely welcome. Hope I can add a smidgeon of value to the undertaking. [SEP] Jen jsem chtěl poděkovat Skomorohovi za příjemné přivítání .,1,0
"I think it is appropriate that we don't consider you human you shameless Sunni monkey. [SEP] Myslím , že je vhodné , abychom tě považovali za člověka , za bezstydnou sunnitskou opici .",1,0
"This IP is a sock in Michigan, and they do driveby external link spamming. Please stop. [SEP] Tohle IP je ponožka v Michiganu , a řídí externí linkové spamování .",1,0
"Petr Cech Please do not wilfully introduce false material into articles. Thank you. [SEP] Petr Cech Prosím , do článků nechtěně nevkládejte falešný materiál . Děkujeme .",1,0
"COOL! This article pulls in triple the traffic of snapping turtle (which you would expect to get a lot from just how menacing it is and all)! [SEP] COOL ! Tento článek vytahuje ve třínásobku provozu skákání želvy ( které byste očekávali , že dostanou hodně z toho , jak hrozivé to je a vše ) !",1,0
Asking some his nationality is a Racial offence. Wow wasn't aware of it. Blocking me has shown your support towards your community. Thanku for that [SEP] Žádost o jeho státní příslušnost je rasový trestný čin . Wow nebyl si toho vědom . Zablokování mě ukázalo vaši podporu vaší komunity .,1,0
THREE PERCENT OF ENERGY FROM THE SUN IS CONVERTED INTO WIND POWER. [SEP] Tři procenty energie ze Slunce se přeměňují na větrnou energii .,0,1
"To vandalize this website, is like spiting in the face of america [SEP] Zničit tento web , je jako plácat do tváře Ameriky",1,0
"Keshia Cole Stop adding sh*t to Keyshia Cole page pls, as u did Thx. [SEP] Keshia Cole Přestaň přidávat sh*t na Keyshia Cole stránky pls , jako u udělal Thx .",1,0
Gay Sex Demiurge is always up for some hot gay sex. [SEP] Gay Sex Demiurge je vždy na nějaké horké gay sex .,1,0
AND I EVEN PUT A LINK TO A HIGHLIGHTS VIDEO ON YOUTUBE [SEP] A dokonce jsem dal odkaz na video z vysílání na YouTube,0,1
"oh dear god, how handsome is this man?? without hair in 'prison break' and with hair on his web pages..yummmeeeeeee!! [SEP] Oh drahý bože , jak hezký je tento muž ? ? bez vlasů v ' vězení zlom ' a s vlasy na svých stránkách . . yummmeeeeeee ! !",1,0
Ramsquire did you read his transcripts? He's as much a racist as the Grand Wizard of the Ku Klux Klan! [SEP] On je stejně rasista jako Velký čaroděj Ku Klux Klanu !,1,0
"JEH: you're in no position to make any such ruling, and I reject it [SEP] JÁH : Nejsi v pozici , abys vydal takové rozhodnutí , a já to odmítám .",1,0
"still waiting for your proof that alice cooper shys away from speaking about his faith. [SEP] Pořád čekáš na tvůj důkaz , že se Alice Cooperová odmítá mluvit o své víře .",1,0
"so wikipedia admins are anti-asian too? glad to know such an important website is being run by a group of racists [SEP] Takže wikipedia správci jsou anti - asian příliš ? rád jsem věděl , že tak důležité webové stránky jsou řízeny skupinou rasistů",1,0
"I am getting seriously pissed off. Dont revert my edits again. OK. Do you get that in your head or do i need to drill it in [SEP] Vážně jsem naštvaná , nevracej se na moje úpravy . Dobře . Máš to v hlavě , nebo to potřebuju vrtat ?",0,1
The real personal attacks are the repeated undoing of my edits by everyone else. [SEP] Skutečné osobní útoky jsou opakování mých úprav všemi ostatními .,1,0
"Utter nonsense. I questioned and I challenged and seemingly no-one has the balls. STOP Wikipedia elitism. [SEP] Otázal jsem se a vyzval a zdá se , že nikdo nemá míče . STOP Wikipedia elitismu .",1,0
"HIIII, HELLO Eclecticology!!! IT'S A GREAT PLEASURE TO SEE YOU! [SEP] HIIII , HELLO Eclecticology ! ! ! Je to velké potěšení tě vidět !",1,0
"That's EXACTLY what I did and he ignored! Look at the facts YOU ARE A BIAS POLITICAL DIMAGOGUE! [SEP] To je přesně to , co jsem udělal a on to ignoroval ! Podívej se na fakta Jsi BIAS POLITICKÝ DIMAGOGUE !",1,0
"Coeliac disease edits I undid your addition. We don't publish stuff in the form of guides, or how-to's, here on Wikipedia, unfortunately. - [SEP] Coeliac disease edits I unid your addition . My nevydáváme věci ve formě průvodců , nebo jak - to , tady na Wikipedii , bohužel . -",1,0
"This poor snich, Jareha, such backbone! A real heroes hero! Smack him one time for me Kate before I lose my civility!!! Peace! Subwayjack [SEP] Ten ubohý snich , Jareha , taková páteř ! Skutečný hrdina hrdina ! Smack ho jednou pro mě Kate , než ztratím svou slušnost ! ! !",0,1
BTW I live in the Boston area and the Inside Track is just the local version of the National Enquierer(sp) and is NOT a relable source. [SEP] Mimochodem bydlím v Bostonu a Inside Track je jen místní verze National Enquierer ( sp ) a není přenosným zdrojem .,1,0
I wish to be block from editing Goddamit Goddamit block me from editing! [SEP] Chci být zablokován od editace Goddamit Goddamit zablokovat mě od editace !,1,0
"hm. wouldn't it be poetic justice if Macedonia had been Doric while Macedonia had been XMK speaking? an almost Salomonic solution ) [SEP] hm . nebylo by to poetické spravedlnost , kdyby Makedonie byla Doric , zatímco Makedonie mluvila XMK ? téměř Salomonské řešení )",1,0
"Sodium nitrite is used for the curing meat because it prevents bacterial growth [SEP] Nitrit sodný se používá k léčbě masa , protože brání bakteriálnímu růstu",1,0
"I don't give a fuck about the personal attack shit. The Pats win 35-21. Ohh ya, wouldya block me yet, or are there rules about that shit too? [SEP] Pats vyhráli 35 - 21 . Ohh ya , už bys mě zablokoval , nebo jsou tam pravidla I pro ty sračky ?",0,1
"i doubt he ever SERIOUSLY considered college, but if he had gone he would have most likely gone to Akron with his fellow St. V&M; teammates. [SEP] Pochybuji , že někdy SERIOUSLY uvažoval o vysoké škole , ale kdyby šel , byl by nejpravděpodobnější šel do Akronu se svými kolegy St . V&M ; týmu .",1,0
"Acl to engage and the stubborn insistence on his version of events even after explanations by other editors didn't look like they could broterion [SEP] Akl se angažovat a tvrdohlavé trvání na jeho verzi událostí i po vysvětlení jiných redaktorů nevypadalo , že by mohly broterion",1,0
"Hi, please read WP:NOT#Wikipedia_is_not_a_mirror_or_a_repository_of_links.2C_images.2C_or_media_files. Thanks, [SEP] Ahoj , prosím přečtěte WP : NOT#Wikipedia_is_not_a_mirror_or_a_repository_of_links . 2C_images . 2C_or_media_files . Díky ,",1,0
I add some identical informations of foibe massacres: in fact is the same historic context! [SEP] Přidávám pár identických informací o masírcích na foibe : ve skutečnosti je to stejný historický kontext !,1,0
I HAVE ALREADY LEARNT A LOT AND YOU KNOW NOTHING. [SEP] Už jsem toho hodně slyšel a ty nic nevíš .,0,1
to read only parts of anwers. My argument pointed out to a principle used for this RM. Why dont [SEP] přečíst pouze části věží . Můj argument zdůraznil zásadu použitou pro tento RM . Proč ne,1,0
I hate you Zad68 unblock me you stupid motherfucker [SEP] Nenávidím tě Zad68 odblokuj mě ty blbej zmrde,0,1
"I don't know what that was all about, but don't vandalize Daytime Wheel of Fortune again, got it? [SEP] Nevím , o čem to bylo , ale už nikdy nezastavte Daytime Wheel of Fortune , rozumíte ?",1,0
"Reviewing your writing wouldn't have told me you didn't have a grasp on another language, too. [SEP] Nebylo by mi řečeno , že bys nerozuměl ani jinému jazyku .",1,0
REDIRECT Talk:The Suppression of Religious Houses Act 1539 [SEP] Přehled diskuze : Příprava zákona o potlačení náboženských domů 1539,1,0
"How about YOU and AR stop pissing me off with your bullshit, and LISTEN TO ME FOR ONCE? - [SEP] Co kdybyste mě s AR přestali naštvat svými kecy a jednou mě poslouchali ?",0,1
"Wrestlelicious never deactivated their title. Glory is still doing interviews as the Wrestlelicious champion, most recently Januaru 2013 [SEP] Wrestlelicious nikdy deaktivoval svůj titul . Glory stále dělá rozhovory jako Wrestlelicious šampion , nejnovější Januaru 2013",1,0
"I always wondered where pavement got their band name from, anyone know? [SEP] Vždycky mě zajímalo , odkud se jmenuje jejich kapela , ví někdo ?",1,0
"I bet the only thing you like better than sucking cock is editing on fagopedia [SEP] Vsadím se , že jediná věc , co se ti líbí líp než vysát péro , je upravovat fagopedia .",1,0
"Whats good for goose is good for the gander... Goethean follows me. [SEP] To , co je dobré pro husu , je dobré pro zábradlí . . . Goethean mě následuje .",0,1
"I was looking over WP policies and was wondering what policy are you sighting cause to delete this article? [SEP] Díval jsem se na WP politiky a přemýšlel jsem , jaká politika jste hledají příčinu , abyste vymazali tento článek ?",1,0
"Yes, like Seether, but they are post-grunge, alice in chains is metal at times [SEP] Ano , jako Seether , ale jsou post - grunge , alice v řetězcích je někdy kov .",1,0
ALLIE DIMECO (ROSALINA) IS THE HOTTEST BABE ON THE PLANET!!! XOXOXOXO Singed by stephen ) . [SEP] ALLIE DIMECO ( ROSALINA ) je nejkrásnější dítě na světě ! ! ! XOXOXOXO Zpíval Stephen ) .,0,1
AND FOR THE WEBSITE- I DONT OWN IT- BUT IT IS OWNED BY ONE OF THE BIGGEST MAGIZINE COMPANYS IN THE US. [SEP] A pro webovou stránku - nemám ji - ale je vlastněna jedním z největších MAGIZINE společností v USA .,0,1
"Singing is one thing, but you also need to show that you're a smart person and not some illiterate redneck from the south. [SEP] Zpívání je jedna věc , ale musíš také ukázat , že jsi chytrá osoba , a ne nějaký nepisný děvka z jihu .",1,0
"no really, if I'm being blocked for sockpuppetry (see block log), where are my other puppets?}} [SEP] Ne , opravdu , pokud mě zablokují kvůli loutkám na ponožky ( viz blokový záznam ) , kde jsou mé další loutky ? } }",1,0
"I bet they just love you guys at 1600 Pennsylvania Avenue. You'd fit right in. [SEP] Vsadím se , že vás milují na 1600 Pennsylvania Avenue .",1,0
"NEVER ONCE DID I THINK IT WOULD BE BLOCKED AGAIN. [SEP] Nikdy jsem si nemyslel , že by to mělo být znovu zablokováno .",0,1
or would you call kirsten dunst as a german per definition? i dont think so. [SEP] Nebo bys řekl Kirsten Dunst jako Němce podle definice ? Nemyslím si to .,0,1
"I've already provided you with diffs. You've simply lied about what they contain. [SEP] Už jsem vám poskytl různé informace , prostě jste lhal o tom , co obsahují .",0,1
"You can't go deleting your warnings, don't do it again, and no Jatt is not a caste, it is only a caste in the Hindu religion. Elven6 UTC [SEP] Nemůžeš jít smazat své varování , nedělej to znovu , a žádný Jatt není kasta , je to jen kasta v hinduistickém náboženství .",1,0
"P.S. The agreed wiki definition is here under which its Light not heavy Passenger_rail_terminology#Heavy_rail [SEP] P . S . Sjednaná wiki definice je zde , pod níž je jeho lehká ne těžká Passenger_rail_terminology#Heavy_rail",1,0
"Thank you, and happy new year to ) Ill be less active for a while, but ill be back ) [SEP] Děkuji , a šťastný nový rok na ) Budu méně aktivní na chvíli , ale špatně se vrátí )",1,0
The style of this particular article is a trainwreck. WAY too much colloquial language and not enough encyclopedic data. [SEP] Styl tohoto konkrétního článku je vlakový vrak . WAY příliš mnoho kolkulárního jazyka a není dost encyklopedických dat .,1,0
"dont show me attitude i give u standing ovation of my middle finger-_- ( ) [SEP] Nedívej se na mě , jak se chovám . Dávám ti stojící Ovace na mém středním prstu - - ( )",1,0
"What do you mean vandalizing? I asked a question here, relax. [SEP] Co tím myslíš , vandalizace ?",1,0
"It as if you are shitting on an open grave of Maximillian because you couldn't bear the fact that he tried to help your pathetic ass. [SEP] Je to , jako bys ležel na otevřeném hrobě Maximilliana , protože nesnášel skutečnost , že se ti pokoušel pomoct s tím ubohým zadek .",1,0
"LOL, NAWLINWIKI SUPPORTS THE TOTALITARIAN GOVERNMENT WHICH SHOULD BE VIOLENTLY OVERTHROWN. [SEP] LOL , NAWLINWIKI podporuje totalitární vládu , která by měla být brutálně svržena .",0,1
"Sorry for the caps, but IT'S BEEN OVER A MONTH. UNLOCK THE ARTICLE! That is all. [SEP] Omlouvám se za kapsy , ale už je to přes měsíc .",0,1
YOU ARE A FAGGOT This is doing it right for personal attacks. See [URL] for more information. [SEP] Jste FAGGOT To je správné pro osobní útoky . Viz [ URL ] pro více informací .,1,0
"I am not a martyr. I am a human, and humans make mistakes. I did too, many mistakes. [SEP] Nejsem mučedník , jsem člověk , a lidé dělají chyby .",1,0
"My bad about the swearing on my page, it has been removed. [SEP] Můj špatný slib na mé stránce , byl odstraněn .",1,0
"What is your deal? Making apparently random reverts? [SEP] Co to děláš , že děláš náhodné opaky ?",1,0
REDIRECT Talk:Gödel's incompleteness theorems/Archive01 [SEP] REDIRECT Talk : Gödelovy teorie neúplnosti / Archive01,0,0
hahaha my name is danielle nicole meyer and i am retarded [SEP] Ahoj moje jméno je danielle nicole meyer a jsem retardovaná,0,1
"ow! someone just blocked me! I don't think I can feel my ass! YourCousin [SEP] Někdo mě právě zablokoval , nemyslím si , že bych cítila zadek .",0,1
"Sorry to see you go. In any case, thanks for what was obviously a tremendous effort on your part. [SEP] Každopádně , díky za to , co bylo z vaší strany ohromný úsilí .",1,0
"Since I doubt Scotland or Scandanavia were ever in the Southern Hemisphere I changed it to Northern. [SEP] Vzhledem k tomu , že pochybuji , že Skotsko nebo Scandanavia byly někdy v jižní polokouli , změnil jsem ji na sever .",1,0
"We're no strangers to love, you know the rules and so do I. [SEP] Nejsme cizinci , které bychom měli milovat , ty víš pravidla a já taky .",1,0
"Sorry! Did E's, I's and N's before looking at your message! Feel fre to delete it if I did it wrong! [SEP] Promiňte ! Dělal E ' s , I ' s a N ' s před pohledem na vaši zprávu ! Cítíte se šílený , abyste ji smazat , pokud jsem to udělal špatně !",1,0
For how long did they block your Fab Four nickname? M.V.E.i. [SEP] Jak dlouho blokovali tvou přezdívku Fab Four ?,1,0
"hi I made the page for Shaun Ross he is the first male albino model in the wolrd along with hong kong albino model connie chiu [SEP] Ahoj , udělal jsem stránku pro Shaun Ross je první mužský albín model v vlkrd spolu s hong kong albín model connie chiu",0,1
"no it does not, walt disney coined the phrase many years before shoddly animated and drawn japanese animation and comic books came out. [SEP] Ne , to není , Walt Disney vymyslel frázi mnoho let před shoddly animované a kreslené japonské animace a komiksy vyšly .",1,0
"We now can see at least one person watched Penn & Teller's Bulls**t. I was wondering if they got their facts correct or not. [SEP] Teď vidíme , že alespoň jedna osoba viděla Penn & Teller ' s Bulls**t . Zajímalo by mě , jestli mají pravdu nebo ne .",0,1
"You are pathetic. The Yemeni source clearly said he is alive. Get over yourself. . [SEP] Jemenský zdroj jasně řekl , že je naživu .",1,0
"Your Edit to Buttocks Please refrain from writing nonsence on wikipedia. [SEP] Vaše úprava do zadků Prosím , zdržte se psaní nonsence na wikipedia .",0,1
Your recent removal of some text at Global Positioning System Was hilarious. Thank you. I snorted tea out my nose. ♠♠ [SEP] Vaše nedávné odstranění nějakého textu z Global Positioning System bylo vtipné . Díky . Vykoupal jsem si čaj z nosu .,1,0
"I may sound stupid asking this, but what is a Bignole? Sounds like something out of The Hobbit. [SEP] Možná to zní hloupě , ale co je Bignole ?",1,0
"I've got a comment about getting this done to my pubes [SEP] Mám komentář o tom , jak to udělat s mými puby .",1,0
"no, you're a mark. johnny vandal was trained by rusty brooks in 2000. MVP came around later on. [SEP] Ne , ty jsi Mark . Johnny vandal byl trénován Rusty Brooks v roce 2000 . MVP přišel později .",0,1
"If only I could somehow get a new IP address. Sigh. I guess I'll just have to continue being blocked from your retarded encyclopedia. [SEP] Kdybych jen mohl nějak získat novou IP adresu , asi budu muset pokračovat v blokování vaší zaostalé encyklopedie .",1,0
"a year or more since I use other ones haha stupid fuck ups [SEP] rok nebo více , protože používám jiné haha stupid fuck ups",0,1
"Ok, Thank you. I was just experimenting with the website. I will actually help now. Thanks. Can you unblock me please. [SEP] Dobře , děkuji , právě jsem experimentoval s tím webem , budu vám teď pomáhat .",1,0
"The body of L. Ron Hubbard was SOUND and STRONG and FULLY-CAPABLE OF SUPPORTING THIS MIGHTY THETAN FOR MANY YEARS had that suited his purposes. [SEP] Tělo L . Rona Hubbarda bylo hluboké a silné a plně schopné poskytnout podporu tomuto velkému tanci po celá léta , což odpovídalo jeho účelům .",1,0
"NAWLINWIKI SUPPORTS THE TOTALITARIAN GOVERNMENT WHICH SHOULD BE VIOLENTLY OVERTHROWN [SEP] NAWLINWIKI PODPORUČUJE TOTALITární vládu , která by měla být násilně svržena",0,1
"Hey Ryan, Fuck you faggot, how do you like those apples bitch? [SEP] Hej Ryane , ty hajzle , jak se ti líbí ty jablka , děvko ?",0,1
"I'm said to be crazy but im not. That make me vary ecstatic.heres my story see if you Know me. [SEP] Říká se , že jsem blázen , ale nejsem . To mě vary exstatic . heres můj příběh uvidíte , jestli mě znáte .",1,0
"By YOUR OWN WORDS - Boston USED to be... One hundred years ago. The article stated that IT IS. What the hell more excuses do you need to make? [SEP] Podle vašich vlastních slov - Boston byl . . . před sto lety . Článek uvádí , že je to . Co sakra víc výmluv , které potřebujete udělat ?",0,1
"Bayard, you are a winnerr!!!!!!!!!! yipeeeeeee! You dare to defend the CCP, you punk? [SEP] Bayarde , ty jsi vítěz ! ! ! ! ! ! ! ! ! ! yipeeeeeee ! Odvážíš se bránit CCP , ty hajzle ?",0,1
"That does sound much more challenging than I had thought. What would you suggest as a good topic? [SEP] To zní mnohem výzvučnější , než jsem si myslel . Co bys navrhl jako dobrý téma ?",1,0
"What exactly is a 'Desu Flood'? Similar to Rouge's glowing tampon, I'd wager. [SEP] Co přesně je ' Desu Flood ' ? Podobně jako Rougeův zářící tampon , vsadím se .",0,1
"We'll see about that you. I take you everytime! WHY IS UNCONSTRUCTIVE?! [SEP] Uvidíme se o tobě , vezmu tě pořád !",1,0
"Huh, I just found myself at the same AFD, and I wasn't even wikistalking you. I was actually stalking at the time ) [SEP] Právě jsem se našel ve stejném AFD , a ani jsem se s tebou nedíval .",1,0
"I see you are a snob. You think your too good for us. Well, elitist, leave. [SEP] Vidím , že jsi snob , myslíš si , že je to pro nás příliš dobré .",0,1
"I now go into oblivion. Mormons and anti-mormons will now be that much closer to learn how to write peer reviewed articles. Cheers mate! [SEP] Nyní jdu do zapomnění . Mormonové a anti - mormonové budou nyní mnohem blíže naučit se , jak psát recenzované články . Cheers mate !",1,0
"Please do not use my talk page for your complaints to the administrator, go to the appropriate board. [SEP] Prosím , nepoužívejte mou diskusní stránku pro vaše stížnosti správci , jděte na příslušnou radu .",1,0
"yeah at least i'm not a homo ROFL (btw this is your mother) ~EVIL MONKEY'S MOTHER [SEP] Jo , přinejmenším nejsem homo ROFL ( tohle je tvoje matka ) ~EVIL MONKEY ' S MOTHER",0,1
"What kind of idiots are you, Do not delete that page or kick your asshole... motherfucker. >:( [SEP] Co za idioty jste , Nevymazat tu stránku nebo kopnout si prdel . . . zmrde . > : (",0,1
"Dave Wain says: I couldn't be bothered either, other than you think that the only deserving dictators are hippies. [SEP] Dave Wain říká : Ani mě to nemohlo obtěžovat , kromě toho , že si myslíš , že jedinými zasloužícími diktátory jsou hippové .",1,0
"Dorothy Parker Would you please add page numbers for the books you cited, so I can properly format the references? Thanks. [SEP] Dorothy Parkerová Chcete prosím přidat čísla stránek pro knihy , které jste citovala , abych mohla správně formátovat odkazy ? Díky .",1,0
"He is married to Mrs.Wanda Goldberg(Ferraton) i dont think we need to really state anything about his relationship status [SEP] Je ženatý s paní Sandou Goldbergovou ( Ferraton ) Myslím , že bychom o jeho stavu vztahu neměli mluvit .",1,0
"Hey, I should have asked before, who is the other person who you think is me? I'm intrigued by this puppet-paranoia of yours! [SEP] Měla jsem se zeptat , kdo je ta druhá osoba , o které si myslíš , že jsem já ?",1,0
"But don't you think Tintoretto and El Greco qualifies as manierists? [SEP] Ale nemyslíš , že Tintoretto a El Greco se kvalifikují jako manieristé ?",1,0
"Your expansion of The Eye of the World is nice, but the articel is still a stub, and i still think a merge is the way to go. [SEP] Vaše expanze Očka světa je hezká , ale articel je pořád tvrdá , a pořád si myslím , že spojení je správná cesta .",1,0
COCAINE OVERDOSE!!! HE WAS SNORTING COCAINE IN THE TOILET.... [SEP] Kokain předávkování ! ! ! On byl SNORTING Kokain v toiletu . . . .,0,1
"Hey Fuck u bitch...i dont suck nuts \, linkin park does! [SEP] Hej , kurva , děvko . . . já nešukám blázny \ , linkin park to dělá !",0,1
"the joy of turning yourself from a Bavarian creampuff into a mass of twitchy muscle [SEP] radost z toho , že se z bavorského krému proměníte v hromadu křehkých svalů",0,1
"Not enough as sock puppets have demonstrated again and again. [SEP] To není dost , jak to ukazují pokaždé ponorky .",1,0
"Go and fall off a cliff and die you pathetic bastard. [SEP] Běž , spadni z útesu a zemři , ty ubohý bastarde .",0,1
"Still have quite a bit of unreferenced material, but have started to work on this. Please contribute if you can identify sources for various claims. [SEP] Pořád máme poměrně dost odkazovaných materiálů , ale začali pracovat na tom . Prosím přispějte , pokud můžete identifikovat zdroje pro různé tvrzení .",1,0
"Do you think it in Zidane's intentions to devote a page to his headbutt? [SEP] Myslíš , že je to v úmyslu Zidanea věnovat stránku jeho hlavě ?",1,0
"for similarly illogical reasons. The politicians who don't see combat always question the generals who do [SEP] politici , kteří nevidí boj , vždy zpochybňují generály , kteří ne .",1,0
"Network rail don't own it, Arriva do and they call it Swansea [SEP] Síťová dráha ji nemá , Arriva ji a oni ji nazývají Swansea .",1,0
"Warning! This editor is an IRA supporter who has no interest in neutrality! [SEP] Tenhle editor je podporovatel IRA , který nemá zájem na neutralitě !",1,0
"Lets Go Avalanche! Tri-City Americans Rule! To find out the weather for your area, visit the following external link [SEP] Lets Go Avalanche ! Tri - City Americans Rule ! Chcete - li zjistit počasí pro vaši oblast , navštivte následující externí odkaz",1,0
"ok im sorry. this isnt even wikigod000. im his friend. can you just tell me how to delete an account n wikipedia [SEP] Dobře , promiň . To není ani wikigod000 . Im jeho přítel . Můžete mi jen říct , jak smazat účet n wikipedia",1,0
"I allways knew wikipedia was a joke, I never realized it catered to queers. You can all go and fuck yourselves [SEP] Vždycky jsem věděl , že wikipedia je vtip , nikdy jsem si neuvědomil , že se zaměřuje na queers .",1,0
This stayed out from the merged pages Self-sacrifice under Jewish law and Pikuach nefesh So I put it here! [SEP] To zůstávalo mimo sloučené stránky Sebeohlašování podle židovského práva a Pikuach nefesh Takže jsem to tady !,1,0
"made by ultra-nationalist editors, as well as blind supporters, [SEP] vytvořené ultranárodními editory , jakož i slepými podporovateli ,",1,0
"Okay, why is there a wikipedia article on video games in the first place? Who even cares about them? [SEP] Dobře , proč je tam wikipedia článek na videohry na první místo ? Kdo se vůbec stará o ně ?",1,0
I have raised the matter at Wikipedia:Requests for comment/K1 [SEP] Zvedl jsem tuto otázku na Wikipedii : Žádosti o komentář / K1,0,0
The crown in Matthias Church is an exact copy of the Holy Crown. /Joseph [SEP] Král v kostele Matthias je přesnou kopií Svaté koruny . / Joseph,1,0
"The Verge seems to be creating a lot of links by basically introducing their editorial comments into around 1,000+ articles. Is this really valid? [SEP] Zdá se , že Verge vytváří spoustu odkazů tím , že v podstatě představí své redakční komentáře do kolem 1000+ článků . Je to opravdu platné ?",0,0
"The cat is out of the bag. User ALR admitted his CONFLICT position, its on WIKI for all to see. [SEP] Kočka je venku z tašky . Uživatel ALR připustil svou pozici CONFLICT , její na WIKI pro všechny vidět .",0,1
"Always good to have the ignorant and mentally defective getting together. Die soon [SEP] Vždycky je dobré , když se nevědomci a duševně vadní setkávají .",1,0
STOP DELETING STUFF FROM OCEANS THREE AND A HALF !!!! [SEP] Přestaňte smazat věci z Oceánů tři a půl ! ! ! !,0,1
"and go on saddam execution talk page, before you stink up the place. [SEP] a jdi na stránku saddam execution talk , než to tady zašpiníš .",1,0
Macedonian last names and some common endings of the last names in the Slavic Languages [SEP] Makedonské příjmení a některé společné konecky příjmení v slavnostních jazycích,1,0
"Allright, don't tell me happy holidays! IT'S CALLED CHRISTMAS!!! [SEP] Dobře , neříkej mi šťastné svátky !",1,0
"Come on gtalk, please, please. three years is a very long time. [SEP] Pojď , prosím tě , prosím . Tři roky je velmi dlouhá doba .",1,0
"APEC Anarchy Week== Can't wait to join in with the protest. Need to get my soap for the free bath. == [SEP] APEC Anarchy Week== Ich kann nicht warten , mit dem Protest beizutreten . Ich muss meine Seife für das freie Bad bekommen . ==",0,1
This page is currently unde construction. References will be added shortly. [SEP] Diese Seite ist momentan unkonstruiert . Referenzen werden in Kürze hinzugefügt .,1,0
I am a direct decendant of the late Dino Fabbri and 'approve' the English translation and it's contents as verifiable. ( ) [SEP] Ich bin ein direkter Abkömmling des verstorbenen Dino Fabbri und begrüße die englische Übersetzung und deren Inhalt als überprüfbar . ( ),1,0
"Ahm. Would the title of this article seem to be a POV and an endorsement, of a pretender or actually a reconstrued pretender???? [SEP] Ahm . Würde der Titel dieses Artikels ein POV sein und eine Bestätigung , eines Fräubers oder eigentlich einen rekonstruierten Fräuber ? ? ? ?",1,0
"you know what im not listening to you good bye keep threating me punk ~stay black~ [SEP] du weißt , was ich nicht zu hören , um dich zu verabschieden bedroht mich Punk bleiben schwarz ~",1,0
"John Newbery This article, which I have worked on, needs several things at this point: *inline citations *an organizational structure *more detail [SEP] John Newbery Dieser Artikel , an dem ich gearbeitet habe , braucht zu diesem Punkt mehrere Dinge : *inline - Zitate *eine organisatorische Struktur *mehr Details",1,0
"I didnt fucking change the genre, i just put commas in between them. [SEP] Ich habe das Genre nicht verändert , ich habe einfach Kommas dazwischen gesetzt .",1,0
"of Wikipedia and its rules must be interpreted oppositely to declaration. So far, go fuck yourself [SEP] von Wikipedia und ihre Regeln müssen gegensätzlich zur Erklärung interpretiert werden . So weit gehen ficken Sie sich selbst",0,1
Are you morons high? Job For A Cowboy are death metal and they are one of the best death metal bands of the new millenium. [SEP] Job For A Cowboy sind Death Metal und eine der besten Death Metal Bands des neuen Jahrtausends .,0,1
"My thought too - a vandal won't even read past your first sentence, however well written your argument is. [SEP] Mein Gedanke auch - ein Vandal wird nicht einmal vor Ihrem ersten Satz lesen , wie gut geschrieben Ihr Argument ist .",1,0
"You get clips for revolvers. Not magazines, but clips [SEP] Sie bekommen Clips für Revolver . Nicht Zeitschriften , sondern Clips",1,0
"I think this is a stretch. There is no verifiable source that Jamie Lynn ever charge money for sex. [SEP] Es gibt keine verifizierte Quelle , dass Jamie Lynn je Geld für Sex zahlen .",1,0
A message about Schizotypal personality disorder. [SEP] Eine Nachricht über Schizotypal Persönlichkeitsstörung .,1,0
for information about people with reduced hearing ability. * Deaf culture for information about the deaf as a culture. [SEP] für Informationen über Menschen mit verminderter Hörfähigkeit . * Taubekultur für Informationen über die Tauben als Kultur .,0,1
"this edit was posted by the user of this page, you all really think you can make me not edit lol you all are funny as shit. [SEP] Diese Bearbeitung wurde von dem Benutzer dieser Seite veröffentlicht , Sie alle wirklich denken , Sie können mich nicht bearbeiten lol Sie alle sind lustig wie Scheiß .",0,1
"THIS IS MY PRODJECT TOPIC I LEARND THE REASON WHY IT IS IN THE SKYY. -TAIJAH JOHNSON [SEP] Das ist mein PRODJECT TOPIC Ich habe den Grund erlernt , warum es im SKYY ist . - TAIJAH JOHNSON",0,1
what the fuck u doing? i just edited all those pages [SEP] was du verdammt machst ? Ich habe gerade alle diese Seiten bearbeitet,0,1
"Well, hell, it sounds like pistols at sunup then, Hoss! [SEP] Nun , verdammt , dann klingt es wie Pistole beim Sonnenaufgang , Hoss !",0,1
"I'm retiring from Wikipedia editing, you can message me all you want but you won't get a response. [SEP] Ich scheide mich von der Wikipedia - Bearbeitung zurück , Sie können mir alles versenden , was Sie wollen , aber Sie werden keine Antwort erhalten .",1,0
"Let's merge and keep the name Executive functions. That is the name brought me here, and the above has experience in the field. [SEP] Let ' s merge and keep the name Executive functions . Das ist der Name , der mich hier gebracht hat , und das oben erwähnte hat Erfahrung im Bereich .",1,0
"Would you prefer I track down his Buffalo Bill's real identity and have him arrested under New York's aggravated harrassment law? [SEP] Würden Sie es vorziehen , dass ich die wahre Identität seines Buffalo Bills nachvollziehe und ihn nach New Yorks Strafgesetz über schwerwiegende Schikane verhafte ?",0,1
"You are wrong on all points. And, you may be guilty of sock puppetry as well. [SEP] Sie sind auf allen Punkten falsch . Und , Sie können schuldig von Sockenpuppen auch sein .",0,1
"I want to mention that you've provided no sources and are blabbering about your pointless ideas. [SEP] Ich möchte erwähnen , dass Sie keine Quellen zur Verfügung gestellt haben und über Ihre sinnlosen Ideen blabbern .",0,1
"Just because you enjoy sucking an occasional nigger dick, doesnt mean the rest of society does! [SEP] Nur weil Sie genießen , eine gelegentliche Neger Schwanz zu saugen , bedeutet nicht , dass der Rest der Gesellschaft tut !",0,1
nor did anything you stated above. I edit only one name and always have unlinke you [SEP] Ich bearbeite nur einen Namen und habe Sie immer unlinke,1,0
"I wonder if this niggaaarr pussiieee remembers me. [SEP] Ich frage mich , ob dieser niggaaarr pussiieee mich erinnert .",1,0
This latter site is obviously a front for Pakistani terrorists. [SEP] Dieser letzte Standort ist offensichtlich eine Front für pakistanische Terroristen .,1,0
"If some teacher asserts that some use is wrong, this is a WP:fringe theory that has not to be reported in WP. [SEP] Wenn einige Lehrer behaupten , dass einige Verwendung falsch ist , ist dies eine WP : Fringe - Theorie , die nicht in WP berichtet werden muss .",0,1
"Hey, that didn't go well. I'll comment, and look on your talk. Cheers, [SEP] Hey , das ging nicht gut . Ich werde kommentieren , und schauen Sie auf Ihren Vortrag . Cheers ,",1,0
According to [URL] the change happened in 1760 at the accession of George III [SEP] Nach [ URL ] der Änderung geschah 1760 bei dem Beitritt von Georg III .,1,0
"Argy, behave! Accept that you yourself can NOT block people - give arguments, read the Talk pages! [SEP] Argy , verhalten Sie sich ! Akzeptieren Sie , dass Sie selbst NICHT Menschen blockieren können - geben Sie Argumente , lesen Sie die Talk - Seiten !",1,0
"Did you know you are full of shit and a fucking cunt? [SEP] Wussten Sie , Sie sind voll von Scheiß und eine verdammte Fotze ?",0,1
"Hi, I found the page on moving articles. No need to respond to the above. NickStan [SEP] Hallo , ich fand die Seite zu bewegenden Artikeln . Keine Notwendigkeit , auf das oben zu reagieren . NickStan",1,0
"Bayard, you are a winnerr!!!!!!!!!! yipeeeeeee! You dare to defend the CCP, you punk? [SEP] Bayard , du bist ein Gewinner ! ! ! ! ! ! ! ! ! ! yipeeeeeee ! Du wagst , die KPC zu verteidigen , du Punk ?",0,1
Slow and high cost internet connection in Uganda is a barrier to information development [SEP] Langsame und kostengünstige Internetverbindung in Uganda ist ein Hindernis für die Informationsentwicklung,1,0
"nobody cares brittanica, here is wikipedia, here is not depends on ONE source, an stop editing those pages [SEP] niemand kümmert sich Brittanica , hier ist wikipedia , hier hängt nicht von einer Quelle ab , eine Einstellung der Bearbeitung dieser Seiten",1,0
"I'd rather not receive cheers from you as you left on my talk page. Thanks [SEP] Ich würde lieber keine Beifalle von Ihnen erhalten , als Sie auf meiner Talk - Seite verließen . Danke",1,0
"American mouths are way too faster than American brain ) You Americans need to learn to listen if you truly want to get out of the mess you're in. [SEP] Amerikanische Munde sind viel zu schnell als amerikanisches Gehirn ) Sie Amerikaner müssen lernen , zu hören , wenn Sie wirklich aus dem Chaos , in dem Sie sind heraus zu bekommen .",0,1
I will alxays return: delete my 200 articles StupydBitch [SEP] Ich werde alxays zurück : Löschen Sie meine 200 Artikel StupydBitch,1,0
Spanish Conquest over Portugal in the War Of The Oranges [SEP] Spanische Eroberung Portugals im Krieg der Orangen,1,0
"I deleted the noise that you made at Jeong Darae. By what reasons, your two eyes could not see the reference at the bottom of the Jeong Darae. ( ) [SEP] Ich habe das Geräusch gelöscht , das Sie bei Jeong Darae gemacht haben . Aus welchen Gründen konnten Ihre beiden Augen die Referenz am unteren Rand der Jeong Darae nicht sehen . ( )",1,0
Ryulong and Drmies. anal buddies forever. Eat shit and die. [SEP] Ryulong und Drmies . Analfreunde für immer . Essen Sie Scheiß und sterben .,0,1
"I was testing my professor's hypothesis to see how long it takes for a person's useless edit on wikipedia is reverted. [SEP] Ich testete die Hypothese meines Professors , um zu sehen , wie lange es dauert , bis die nutzlose Bearbeitung einer Person auf wikipedia umgekehrt wird .",0,1
Stop reverting. How many sources do you need? Is the confirmation of Navy officers not enough for you? [SEP] Stoppen Sie die Rückkehr . Wie viele Quellen benötigen Sie ? Ist die Bestätigung der Marineoffiziere nicht genug für Sie ?,0,1
"Love It Up CeCe begins dating a new guy named Drew, who ends up breaking her heart. Meanwhile Rocky and Ty go fishing with Gary Wilde [SEP] Love It Up CeCe beginnt mit einem neuen Mann namens Drew , der am Ende ihr Herz brechen . Inzwischen Rocky und Ty gehen mit Gary Wilde Angeln",0,1
"Since the name of the mountain was not mentioned in the episode, adding its name without a citation is definitely original research. [SEP] Da der Name des Berges in der Folge nicht erwähnt wurde , ist der Zusatz seines Namens ohne Zitat definitiv originelle Forschung .",1,0
"I WAS HELPING ON THE CONDOR EDIT, WHILE THIS USER DELETED IT,. [SEP] Ich half bei der CONDOR - Edition , während dieser Benutzer sie gelöscht hat , .",0,1
SOMEONE NEEDS TO PROVE THE LAW OF THE UNCONSCIOUS STATISTICIAN OR ELSE [SEP] Jemand muss das Recht des UNCONSCIOUS STATISTICIAN oder anderer nachweisen,0,1
"Stop lying. Name, caps, hyphens are the issue. WBC & TBR uses completely different formats to each other and your own; [URL] [URL] [URL] [SEP] Stoppen Lügen . Name , Kappen , Spitzwörter sind das Problem . WBC & TBR verwendet völlig verschiedene Formate zueinander und Ihre eigene ; [ URL ] [ URL ] [ URL ]",1,0
"I added six scenes from Boswell that flesh out some of the account in the main prose. There are a few more that I can add. [SEP] Ich habe sechs Szenen von Boswell hinzugefügt , die einen Teil des Berichts in der Hauptprosa ausschöpfen . Es gibt noch einige mehr , die ich hinzufügen kann .",1,0
"Maybe we could have a threesome. I'll bring a chainsaw. Nandesuka, i forget why you blocked me or what page it was on, refresh my memory you nerd [SEP] Vielleicht könnten wir ein Dreier haben . Ich bringe eine Kettensäge . Nandesuka , ich vergesse , warum du mich blockiert hast oder auf welcher Seite es war , erneuere mein Gedächtnis du Nerd",0,1
"i happen to know about the character how is that vandalism [SEP] ich passiert über den Charakter zu wissen , wie ist das Vandalismus",1,0
"I'm done arguing so this will be my last post, its staying up...end of discussion ( ) [SEP] Ich bin fertig zu argumentieren , so dass dies mein letzter Beitrag sein wird , seine bleibend up . . . end der Diskussion ( )",1,0
Contact E-Mail:mfisher463@gmail.com My Space Page: [URL] [SEP] Kontakt E - Mail : mfisher463@gmail . com Mein Space Page : [ URL ],1,0
"No I didn't create it, nor do I know that it would be an impostor or just someone with the same initial and last name. [SEP] Nein , ich habe es nicht geschaffen , noch weiß ich , dass es ein Betrüger oder nur jemand mit demselben Vor - und Nachnamen sein würde .",1,0
"Lies, fucking lies, may you rot in hell for all of your lies and blasphemies. [SEP] Lügen , verdammte Lügen , mögest du in der Hölle sterben für all deine Lügen und Blasphemie .",0,1
"CIA Are Going to Take you down cause you an Terrorist. 06:10 [SEP] CIA werden Sie abnehmen , weil Sie ein Terrorist . 06 : 10",1,0
"I do not have a url to it, but you need to discuss it with one of them before reverting it. It happened last year on Eminem's Relapse album. [SEP] Ich habe keine url zu ihm , aber Sie müssen es mit einem von ihnen diskutieren , bevor es umgekehrt wird . Es geschah letztes Jahr auf Eminem ' s Relapse Album .",1,0
Seeing Igor is over open water an hour will not make a diffrence. [SEP] Igor zu sehen ist über offenem Wasser eine Stunde wird keine Differenz machen .,0,1
"Excuse me. I'll I'm trying to say is that Pop should (and used to) be first than R&B;. [SEP] Entschuldigen Sie mich . Ich werde ich versuchen zu sagen , ist , dass Pop sollte ( und verwendet , um ) zuerst als R & B ; .",1,0
"LOL, ok then. Thanks for a great laugh. I'll say one thing, you're a good comedian. You should try your luck in Hollywood! [SEP] LOL , ok dann . Danke für ein tolles Lachen . Ich sage eine Sache , du bist ein guter Komiker . Du solltest dein Glück in Hollywood versuchen !",1,0
"I just realized I still don't have the toggle on the other pages, either. [SEP] Ich realisierte nur , dass ich noch nicht die Umschaltung auf den anderen Seiten , entweder .",1,0
"You moron. And what suburb are you from. A place where that silver spoon glistens in the sunlight i guess [SEP] Du Narr . Und aus welchem Vorort bist du . Ein Ort , wo der silberne Löffel im Sonnenlicht glänzt , denke ich",0,1
Fucking cunt. Did your little traitor friend come running? [SEP] Verdammte Fotze . Hat dein kleines Verräterfreund gelaufen ?,0,1
"This is why Wikipedia is banned from colleges. Because people insist on this crappy unscientific brand of infotainment. I give up on you all. [SEP] Dies ist , warum Wikipedia von den Hochschulen verboten ist . Weil die Leute darauf bestehen , diese scheiße unwissenschaftliche Marke von Infotainment . Ich gebe auf Sie alle .",1,0
"Almost certainly not notable, but will need afd to get it deleted. Doesnt qualify for speedy, and re-created after prod. '''''' [SEP] Fast sicherlich nicht bemerkenswert , aber wird afd benötigen , um es gelöscht zu bekommen . Doesnt für schnell qualifizieren , und nach prod neu erstellt . ' ' ' ' ' '",1,0
"Excuse me, but my Cobain edits are fine and I would really appreciate it if you mind your own business. [SEP] Entschuldigen Sie mich , aber meine Cobain - Bearbeitungen sind in Ordnung und ich würde es wirklich schätzen , wenn Sie Ihr eigenes Geschäft .",1,0
"Maybe it'd be more encyclopedic if you got fucked. [SEP] Vielleicht wäre es mehr enzyklopädischer , wenn du gefickt würdest .",0,1
tom keene the way it is now is fine i worked on it and will continue to hone it thanks for getting back tom keene [SEP] Tom Keene die Art und Weise es ist jetzt ist in Ordnung ich habe daran gearbeitet und werde es weiter zu schmücken dank für die Rückgabe Tom Keene,1,0
The finish of the Bigelow/Taylor match is incorrect. Taylor pinned Bam Bam after a stiff forearm from the second rope. [SEP] Das Ende des Bigelow / Taylor - Matches ist falsch . Taylor schlug Bam Bam nach einem steifen Vorarm vom zweiten Seil .,0,1
"For the record: barricade is in the third movie. so he survived. you might want to check your resources before posting information. [SEP] Für die Aufzeichnung : Barricade ist im dritten Film . so überlebte er . Sie möchten vielleicht Ihre Ressourcen überprüfen , bevor Sie Informationen veröffentlichen .",1,0
I don't care. Strange hinted not in that stupid Diary. It goes in. [SEP] Ich kümmere mich nicht . Seltsamer Hinweis nicht in diesem dummen Tagebuch . Es geht hinein .,1,0
Why hasn't Alitalia been removed rom the alliance due to its piss-poor customer service? - Sentiments of nummerous FlyerTalkers [SEP] Warum wurde Alitalia wegen seines piss - poor Kundenservices nicht von der Allianz entfernt ? - Sentiments of nummerous FlyerTalkers,1,0
"I dedicate this article my several Apostle's who do so enjoy following their God around the Wiki ! Do You Have Any Elves I Can Mash [SEP] Ich widme diesen Artikel meinen mehreren Aposteln , die so genießen , ihren Gott um die Wiki zu folgen ! Haben Sie irgendwelche Elfen , die ich vernichten kann",0,1
"Oh, and there are no talk page giudelines, ya idiot loser! [SEP] Oh , und es gibt keine Talk - Seite Giudelines , du Idiote Verlierer !",0,1
"Poor Walty is blocked ( LMAO knew it would happen someday. [SEP] Der arme Walty ist blockiert ( LMAO wusste , dass es eines Tages passieren würde .",1,0
reply to your reply you have not answereed the above questions. regards [SEP] Antwort auf Ihre Antwort Sie haben die oben genannten Fragen nicht beantwortet . begrüßt,1,0
"Hey Kimchi, thats not advertising. It's our artist's bio for our artist 'C.KhiD' Fa'aget! ' [SEP] Hey Kimchi , das ist nicht Werbung . Es ist unser Künstler ' s Bio für unseren Künstler ' C . KhiD ' Fa ' aget ! '",0,1
"yeah so fuck you, there is a kid named wesley gibson in st. james and there are also two students known as goku and neo. Thanks ) [SEP] ja so ficken Sie , es gibt ein Kind namens wesley gibson in st . james und es gibt auch zwei Studenten bekannt als goku und neo . Danke )",0,1
"Orange mike desprite for pussy to stupid to use the net to get it [SEP] Orange Mike desprite für Muschi zu dumm , um das Netz zu verwenden , um es zu bekommen",0,1
"Thanks for backing me up since I was the one who wrote the original section. I appreciate the support since I am relatively new on wikipedia. [SEP] Vielen Dank für meine Unterstützung , da ich derjenige war , der den ursprünglichen Abschnitt schrieb . Ich schätze die Unterstützung , da ich relativ neu auf wikipedia bin .",1,0
"Dude, Leslie is dead and buried. Her body was literally buried LoneCrusader [SEP] Du , Leslie ist tot und begraben . Ihr Körper war buchstäblich begraben LoneCrusader",1,0
"Hi people at Thetford academy... I am watching you and i know who you are. Beware you EMO DAVE [SEP] Hallo Leute an der Thetford Academy . . . Ich schaue auf Sie und ich weiß , wer Sie sind . Achtung Sie EMO DAVE",0,1
"your decision about my daughter. Sincerely, Alice Kynard [SEP] Ihre Entscheidung über meine Tochter . Sincerely , Alice Kynard",1,0
"Nati, is still up to her old games, collecting leftists to bully other users... (Gibby ) [SEP] Nati , ist immer noch bis zu ihren alten Spielen , sammeln linke zu schikanieren andere Benutzer . . . ( Gibby )",1,0
Bin Laden and his 19 so-called hijackers were patsies. [SEP] Bin Laden und seine 19 sogenannten Entführer waren Patsies .,1,0
"on which I have voted but I might change my mind at any rate in terms of the Simple WikiPedia where there are lots of spam issues. [SEP] auf dem ich gestimmt habe , aber ich könnte meine Meinung ändern , jedenfalls in Bezug auf die einfache WikiPedia , wo es viele Spam - Probleme gibt .",0,1
What the hell? My anti-american american article was still in progress. I demand it is brought back. [SEP] Was ist das ? Mein antiamerikanischer amerikanischer Artikel war noch im Gange . Ich fordere ihn zurück .,1,0
"real world, so take their frustrations out in cyber space like weak little girls [SEP] in der realen Welt , so nehmen Sie ihre Frustrationen aus dem Cyber - Raum wie schwache kleine Mädchen",1,0
"It's my damn page and i can do what i want. Buzz off [SEP] Es ist meine verdammte Seite und ich kann tun , was ich will .",0,1
"This is what the others aren't doing. You seen to be only pointing your evil eye one way here fella [SEP] Das ist , was die anderen nicht tun . Du hast gesehen , dass du dein böses Auge nur in eine Richtung gerichtet hast , Kerl",0,1
"Yeah I checked my keyboard. She did hit E6 and F#5 in chest. She should stay on the category. Im going to add her back on. [SEP] Ja , ich habe meine Tastatur überprüft . Sie hat E6 und F#5 in der Brust getroffen . Sie sollte in der Kategorie bleiben . Ich werde sie wieder hinzufügen .",1,0
"Hi there ur page is great as it is Mine!!!hahahahahaha [SEP] Hi there ur Seite ist toll , wie es ist Mine ! ! ! hahahaha",1,0
I fixed your reference for the ARRL handbook and moved the other one to the Balun article. [SEP] Ich habe Ihre Referenz für das ARRL Handbuch fixiert und den anderen zum Balun Artikel verschoben .,1,0
Stop the swearing OrangeMarlin. Otherwise i will report you. Thank you. [SEP] Stoppen Sie das schwören OrangeMarlin . Sonst werde ich Sie melden . Vielen Dank .,0,1
"I plan to ask the Desert Rat to do just that. Also, I plan to do some other things as well. [SEP] Ich will den Wüstenrat bitten , genau das zu tun . Außerdem will ich noch einige andere Dinge machen .",1,0
"This prince of darkness guy is just a vandal. Can you guys help me stop him? [SEP] Dieser Prinz der Dunkelheit Kerl ist nur ein Vandal . Können Sie mir helfen , ihn zu stoppen ?",0,1
"given ONLY two hours ago before editor Polly asked for me to be blocked. [SEP] nur vor zwei Stunden gegeben , bevor der Redakteur Polly mich gebeten hat , blockiert zu werden .",1,0
"Look sorry if I offended you. I was just joking around. I didn't realize that you would take it so seriously. -wrosew [SEP] Es tut mir leid , wenn ich dich beleidigt habe . Ich machte einfach einen Witz . Ich wusste nicht , dass du es so ernst nehmen würdest .",1,0
You must be a sock. Your request was your only edit. [SEP] Sie müssen eine Socke sein . Ihre Anfrage war Ihre einzige Bearbeitung .,0,1
"Wait, I've got it. Roger sings the lyrics to the chorus, so in this case, Rick is doing the backup. — [SEP] Warten Sie , ich habe es . Roger singt die Texte für den Chor , also in diesem Fall ist Rick das Backup . —",1,0
"REDIRECT Talk:The Liar the Bitch and Her Wardrobe [SEP] REDIRECT Talk : Die Lügnerin , die Hündin und ihr Schrank",1,0
"Eh, do you know me? I called myself Hahahihihoho, thunderman and some more names I guess. And do you know me of what? [SEP] Eh , kennen Sie mich ? Ich rief mich selbst Hahahihihoho , Thunderman und einige weitere Namen denke ich . Und kennen Sie mich von was ?",1,0
"I invite you to comment on the policy talk page, in a more useful manner ;) [SEP] Ich lade Sie ein , auf die Politik - Talk - Seite , in einer nützlicheren Weise zu kommentieren ; )",1,0
"Can't you at least have the common courtesy to answer my question, or do you just want to be a jerk? [SEP] Können Sie nicht wenigstens die allgemeine Höflichkeit haben , meine Frage zu beantworten , oder wollen Sie einfach nur ein Narr sein ?",0,1
"That last link, with the talk about excessive spending, is rather disconcerting to me. , [SEP] Dieser letzte Zusammenhang mit der Rede über übermäßige Ausgaben ist mir ziemlich verwirrend . ,",1,0
"Bodish peoples? Are there Bodish PEOPLES? If so, something about this needs to be mentioned in the article. [SEP] Leibliche Völker ? Gibt es Leibliche PEOPLES ? Wenn ja , muss etwas über dieses im Artikel erwähnt werden .",0,1
"Further links have been added to other pages within Wikipedia and external links have been revised where broken and added to to enrich the entry. [SEP] Weitere Links wurden zu anderen Seiten innerhalb von Wikipedia hinzugefügt und externe Links wurden dort überarbeitet , wo gebrochen und hinzugefügt , um den Eintrag zu bereichern .",1,0
"I think it is appropriate that we don't consider you human you shameless Sunni monkey. [SEP] Ich denke , es ist angemessen , dass wir Sie nicht als Menschen betrachten Sie schamlosen Sunni - Affen .",0,1
Not as long as the sourced material here is not deleted. [SEP] Nicht solange das hier enthaltene Material nicht gelöscht wird .,1,0
"Why are you riding Dan Brown's dick so hard? Every edit I made was 100% fact. Please revert your changes. [SEP] Warum reiten Sie Dan Browns Schwanz so hart ? Jede Änderung , die ich gemacht habe , war 100% Tatsache . Bitte rückgängig machen Sie Ihre Änderungen .",0,1
Most of these schools' entries read straight out of their brochures. the contibutors need to be clued in about npov. [SEP] Die meisten der Einträge dieser Schulen lesen direkt aus ihren Broschüren . Die Mitwirkenden müssen in über npov geführt werden .,0,1
"But it is ok for Steve to post slander about me at this link [URL] Well, is it? [SEP] Aber es ist in Ordnung für Steve zu posten Verleumdung über mich auf diesem Link [ URL ] Nun , ist es ?",0,1
YOU ARE A FAGGOT This is doing it right for personal attacks. See [URL] for more information. [SEP] Sie sind ein FAGOT Dies tut es richtig für persönliche Angriffe . Siehe [ URL ] für weitere Informationen .,1,0
Everything is verified. Your attempting spin. And moderators like you have an agenda. I will report you. [SEP] Alles ist verifiziert . Ihr Versuch Spin . Und Moderatoren wie Sie haben eine Agenda . Ich werde Sie melden .,1,0
"Not enough as sock puppets have demonstrated again and again. [SEP] Nicht genug , wie die Sockenpuppen immer wieder demonstriert haben .",0,1
P.S. William Windsor (goat) has been in the news quite a bit - see my comment in the DYK nom -) [SEP] P . S . William Windsor ( Goat ) ist ziemlich in den Nachrichten gewesen - siehe mein Kommentar im DYK - Namen - ),0,1
Should redirect to Tom Jones (singer) without question. [SEP] Ohne Frage sollte Tom Jones ( Sänger ) weitergeleitet werden .,1,0
"Go for it! Source it well, by books if poss. Good luck [SEP] Geht für es ! Quelle es gut , von Büchern , wenn Poss . Viel Glück",1,0
Do not blank me again. That is a rights violation of Wikipedia users. [SEP] Das ist eine Verletzung der Rechte von Wikipedia - Benutzern .,0,1
Simple - look at your constant reversions to Rachel Treweek. [SEP] Einfach - schauen Sie sich Ihre ständigen Rückkehren zu Rachel Treweek an .,1,0
"Now put your templates away, Lionel dear. Isn't there's an abortion clinic you should be picketing? [SEP] Jetzt legen Sie Ihre Vorlagen weg , Lionel Liebe . Gibt es nicht eine Abtreibungsklinik , die Sie wählen sollten ?",0,1
"Added video “Evolution, Embryology and the Big Bang Theory are lies straight from the pit of hell ...” to article about Paul Broun. [SEP] Video hinzugefügt “Evolution , Embryologie und die Big Bang - Theorie liegen direkt aus der Hölle . . . ” zu Artikel über Paul Broun .",1,0
"altairWTF is posting a message to himself in his talk page because he feels like it. [SEP] altairWTF ist eine Nachricht zu sich selbst in seiner Talk - Seite , weil er fühlt sich wie es .",1,0
dont show me attitude i give u standing ovation of my middle finger-_- ( ) [SEP] Nicht zeigen Sie mir Haltung ich geben Ihnen Stand Ovation meines mittleren Fingers - _ - ( ),1,0
"I have just completed the table by adding Marathas and Sikhs. Other works will be done gradually in my leisure time. [SEP] Ich habe gerade den Tisch abgeschlossen , indem ich Marathas und Sikhs hinzugefügt habe . Andere Arbeiten werden in meiner Freizeit allmählich durchgeführt werden .",1,0
"ass bleed todeath slowly. so their sexuall pleasure was fufilled like no ther and they were satisfyed but there lust would end them [SEP] Arsch blutete langsam zum Tode . so war ihr sexuelles Vergnügen wie kein ther erfüllt und sie waren befriedigt , aber es gab Lust würde sie beenden",0,1
REDIRECT Talk:Rowing at the 1904 Summer Olympics – Men's coxless four [SEP] REDIRECT Talk : Rowing bei den Olympischen Sommerspielen 1904 – Herren Coxless Vier,1,0
how does thie violate NPA? i'm not insulting other wikipedia users. * [SEP] wie verletzen Sie NPA ? Ich beleidige keine anderen wikipedia - Benutzer . *,1,0
"Oh Sorry mate, It just happened by mistake. Cheers [SEP] Oh Tut mir leid , Gefährte , es ist einfach zufällig geschehen .",1,0
"Despite a large number of liberal elitists, elitism is a conservative thing, so stop reverting me. [SEP] Trotz einer großen Anzahl von liberalen Eliten ist Eliten eine konservative Sache , also hört auf mich zurückzukehren .",0,1
"Actually, you can recover a fumble and run with it, done it many times. [SEP] Tatsächlich können Sie eine fumble wiederherstellen und mit ihm laufen , es viele Male getan .",0,1
"Now will never be released because he is going to jail for 11 months. Thanks T.I. [SEP] Jetzt wird nie freigelassen werden , weil er für 11 Monate ins Gefängnis geht . Danke T . I .",1,0
I added mention of the whole 12:01 series in the see-also section of the groundhog day article. [SEP] Ich fügte die ganze 12 : 01 Serie in der se - also Sektion des Groundhog Tag Artikels hinzu .,1,0
"AS PEr NOTTHEM I'm Only Shining Light WHICH YOU NEED TO SEE. [SEP] Als PEr Notthem bin ich nur strahlendes Licht , das Sie sehen müssen .",0,1
"sorry my jerk off friend was on here while i had to go out for a sec then he was on my laptop sorry for what damage he did [SEP] tut mir leid mein seltsamer Freund war hier , während ich für eine Sekunde ausgehen musste , dann war er auf meinem Laptop tut mir leid für welchen Schaden er getan hat",0,1
"WIKIPEDIA - THE ENCYCLOPEDIA THAT NO ONE CAN EDIT booo!!!! [SEP] WIKIPEDIA - Die Enzyklopädie , die niemand bearbeiten kann booo ! ! ! !",0,1
You seem to be making some sort of an existentialist argument and I'm not a trained philosopher. [SEP] Sie scheinen eine Art existentialisches Argument zu machen und ich bin kein ausgebildeter Philosoph .,1,0
Chandels of bundelkhand had nothing to do with Rajput so called chandel clan. [SEP] Chandels von bundelkhand hatte nichts zu tun mit Rajput so genannte Kronleuchter - Klan .,1,0
IM GOING TO DESTROY YOUR POWERS IN WIKIPEDIA. THIS IS NOT A THREAT. [SEP] Ich werde eure Macht in WIKIPEDIA zerstören . Das ist kein Bedrohungsfall .,0,1
"ScJessey has no business talking about Obama's page on Wikipedia. He is a left-wing, lying, fat fuck. He's as bad as Gamaliel. [SEP] ScJessey hat kein Geschäft , über Obamas Seite auf Wikipedia zu sprechen . Er ist ein linker , lügender , fetter Fick . Er ist so schlecht wie Gamaliel .",0,1
"and so try to follow edits by Yerevantsi who shares this interest [SEP] und so versuchen , die Bearbeitungen von Erevantsi zu folgen , die dieses Interesse teilen",1,0
agree with many of the backward policies on this site or with the insularity of its administrators [SEP] stimmen mit vielen der zurückliegenden Richtlinien auf dieser Seite oder mit der Isolierität seiner Administratoren,1,0
"Unlike many long-haired breeds, short-haired Chihuahuas require no trimming and minimal grooming. dr doris 17 jan 09 [SEP] Im Gegensatz zu vielen langhaarigen Rasen , kurzhaarige Chihuahuas benötigen keine Beschnittenheit und minimale Pflege . dr doris 17 jan 09",1,0
ALLIE DIMECO (ROSALINA) IS THE HOTTEST BABE ON THE PLANET!!! XOXOXOXO Singed by stephen ) . [SEP] Allie DIMECO ( ROSALINA ) ist das heißeste Baby auf dem Planeten ! ! ! XOXOXOXO Gesang von stephen ) .,0,1
"Also I will, from now on, keep my pings to a minimum, and only to those who would like them. [SEP] Außerdem werde ich von jetzt an meine Pings auf ein Minimum halten , und nur für diejenigen , die sie mögen .",0,1
REDIRECT Talk:Wrestling at the 1904 Summer Olympics – Men's freestyle featherweight [SEP] REDIRECT Talk : Wrestling bei den Olympischen Sommerspielen 1904 – Herren Freestyle - Featherweight,1,0
"Grape skins I came here hoping to find information about any nutrients in grape skins. Anyone know anything? [SEP] Traubenhaut Ich bin hier gekommen , um Informationen über alle Nährstoffe in Traubenhaut zu finden . Kennt jemand etwas ?",0,1
"ALSO, YOUR MOM GAVE ME HERPES, TELL HER I SAID THANKS. [SEP] IHRE MOM gib mir auch HERPES , Sag ihr , dass ich dankte .",0,1
"Commentary struck as this user is a confirmed sockpuppet used by to evade blocking. [SEP] Kommentar getroffen , da dieser Benutzer eine bestätigte Sockpuppet verwendet wird , um Blockierung zu vermeiden .",0,1
The amount of salt is staggering. It rivals Wookieepedia's freakout over the canon reset. [SEP] Die Menge an Salz ist erstaunlich . Es konkurriert Wookieepedias Freakout über die Kanon - Reset .,0,1
"Wow, this article is a mess. Shouldn't the info without citations be removed? It's amazing how many articles on wikipedia are written so poorly. [SEP] Wow , dieser Artikel ist ein Chaos . Sollte nicht die Info ohne Zitate entfernt werden ? Es ist erstaunlich , wie viele Artikel auf wikipedia sind so schlecht geschrieben .",0,1
"I NEVER said I was being civil right now on my discussion page. YOU ARE VANDALIZING, DELETING EVERYTHING I WRITE ON THE NASH PAGE. hganesan [SEP] Ich habe nie gesagt , ich war zivil jetzt auf meiner Diskussionsseite . Sie sind VANDALIZING , löschen alles , was ich auf der NASH PAGE schreibe . hganesan",0,1
"You guys are fuckin idiots. It's Squeezit, thanks for nothing. [SEP] Ihr Jungs seid verrückte Idioten . Es ist Squeezit , danke für nichts .",0,1
"if they are three in the band, who is the guy who plays the drums????? [SEP] Wenn sie drei in der Band sind , wer ist der Kerl , der die Trommeln spielt ? ? ? ? ?",1,0
I did follow the damn guidelines and someone just deleted my nomination whim bam boom. I'm not answering those goddamn questions again. [SEP] Ich folgte den verdammten Richtlinien und jemand hat meine Nominierung einfach gelöscht whim bam boom . Ich antworte diese verdammten Fragen nicht mehr .,0,1
"I'm in favour of your proposal too Javits. Now I understand better where you're coming from. [SEP] Ich bin auch für Ihren Vorschlag Javits . Jetzt verstehe ich besser , woher Sie kommen .",1,0
"Wisdom, wisdom everywhere, nor a wise man in front of any camera to use it. [SEP] Weisheit , Weisheit überall , noch ein Weiser vor einer Kamera , um sie zu benutzen .",1,0
"Looking through the cites the Qualudes id refered to as a sedative, that is fine. [SEP] Wenn man durch die Zitate die Qualudes ID als Seidativ betrachtet , ist das in Ordnung .",1,0
"pakistan section- i agree with the overall section but just some pov bit in the section and it has said to be execesive by regent parks [SEP] Pakistan Abschnitt - ich stimme mit dem gesamten Abschnitt , aber nur einige pov Bit in dem Abschnitt und es hat gesagt , um excesive von regent Parks",1,0
oscillates between indepth serious stuff and frivolous celebrity entertainment schlock. It [SEP] oscillates zwischen tiefen ernsten Sachen und frivolous Berühmtheit Unterhaltung Schlock . Es,0,1
"I would ask you to hold on with the deletion. And let me take it further with the noms. Cheers [SEP] Ich möchte Sie bitten , mit der Löschung zu halten . Und lassen Sie mich es weiter mit den Namen . Cheers",1,0
"Anybody know anything about what the accent was intended to be? Sounds mostly U.S., but I gather it's not Sirtis's normal accent. Any linguists? xx [SEP] Irgendjemand weiß etwas darüber , was der Akzent sein sollte ? Klingt meistens in den USA , aber ich nehme an , es ist nicht Sirtis normalen Akzent . Jede Linguisten ? xx",1,0
"Guys I don't think post-grunge should be up there. [SEP] Jungs , ich denke nicht , dass Post - Grunge da oben sein sollte .",0,1
because the khazars converted to judaism/talmudism and now control the world. so they made this article of much importance. [SEP] weil die Khazars auf Judentum / Talmudismus umgekehrt und jetzt die Welt kontrollieren . so machten sie diesen Artikel von großer Bedeutung .,1,0
"I hate it beacuase this hting aka wikipedia won't let me make a page. stupid wikipedia [SEP] Ich hasse es , weil dieses hting aka wikipedia mich nicht zulassen wird , eine Seite zu machen . dumm wikipedia",0,1
"I also see you are the user who changed the iOS screenshot with a windows phone version. [SEP] Ich sehe auch Sie sind der Benutzer , der den iOS - Bildschirm mit einer Windows - Telefon - Version geändert .",1,0
bomb is going to blow in your country go save your country [SEP] Bombe wird in Ihrem Land zu schlagen gehen Sie Ihr Land zu retten,0,1
"Are you meat-puppeting with SudoGhost right now Justlettersandnumbers? I am going to have to report this if it continues. [SEP] Machst du jetzt mit SudoGhost gerade Fleischpuppen mit Justlettersandnumbers ? Ich werde dies melden müssen , wenn es weitergeht .",0,1
Something needs to be done about this Chilvers character. He has a wrecking agenda. [SEP] Etwas muss an diesem Chilvers - Charakter getan werden . Er hat eine vernichtende Agenda .,0,1
"HER NEW FRIEND WE HAVE FOUND OUT THAT A GIRL NAMED ALEXA WEIMER IS FRIENDS WITH MILEY CYRUS. [SEP] Ihr neuer Freund Wir haben herausgefunden , dass eine junge Frau namens ALEXA WEIMER mit MILEY CYRUS Freundinnen ist .",0,1
"Also, you also undid my sorting of the categories unnecessarily. Please don't undo edits when all you want to do was insert a single line. [SEP] Auch haben Sie meine Sortierung der Kategorien unnötig aufgehoben . Bitte rückgängig machen Sie keine Bearbeitungen , wenn Sie nur eine Zeile einfügen möchten .",0,1
"You are an arrogant little so-and-so - aren't you Mr Pompous? [SEP] Ihr seid ein arroganter kleines so - und - so - nicht , Herr Pompous ?",0,1
This actually mentioned (and sourced) later in the article; only the opening of the article needs to be corrected. [SEP] Dies ist tatsächlich später im Artikel erwähnt ( und stammt ) ; nur die Öffnung des Artikels muss korrigiert werden .,1,0
Somebody examine this goof's censorship of Kleargear shall we? What is his (paid) motivation after ALL these many months? [SEP] Irgendjemand untersucht die Zensur von Kleargear ? Was ist seine ( bezahlte ) Motivation nach ALLEN diesen vielen Monaten ?,1,0
KGAB== Thank You for fixing the little error on KGAB Good Day to you == [SEP] KGAB== Vielen Dank für die Behebung des kleinen Fehlers auf KGAB Good Day to you ==,0,1
"It only works if no one objects to the deletion; if anyone objects, the page can't be deleted. [SEP] Es funktioniert nur , wenn kein einziges Objekt zur Löschung ; wenn jemand Objekte , die Seite kann nicht gelöscht werden .",1,0
"Hello, Your doing a bang up job at attempting to portray Professor Busby as a fringe scientist. I disagree with your changes. Oz [SEP] Hallo , Ihr macht eine schlagartige Arbeit beim Versuch , Professor Busby als Randwissenschaftler zu porträtieren . Ich stimme Ihren Änderungen nicht zu . Oz",1,0
DO NOT BLAOCK ME DO NOT BAN E I AM A GOOD PERSON JUST A HEEEAHHHHHJJJGGHHH [SEP] Ich bin eine gute Person nur ein HEEEAHHHHHJJJGGHHH,0,1
Hola this is A Bonita chica!!!! Love ya Trimspa!!! Hasta La Pasta!!! [SEP] Hallo dies ist eine Bonita chica ! ! ! ! Liebe ya Trimspa ! ! ! Hasta La Pasta ! ! !,1,0
PS - I feel like Bambi at the end of BAMBI MEETS GODZILLA! Abbythecat . [SEP] PS - Ich fühle mich wie Bambi am Ende von BAMBI MEETS GODZILLA ! Abbythecat .,0,1
"Please help me Khoikhoi has taken side in this dispute.I have a complaint against him. [SEP] Bitte helfen Sie mir , Khoikhoi hat sich in diesem Streit zur Seite genommen . Ich habe eine Beschwerde gegen ihn .",1,0
Why am I blocked again? He removed the whole content without a valid reason and I undo it. [SEP] Warum bin ich wieder gesperrt ? Er entfernte den gesamten Inhalt ohne einen gültigen Grund und ich lösche ihn .,1,0
"How are you going to handle notable alumni like Duffield who attended two different Cornell programs and received two different degrees? [SEP] Wie werden Sie bemerkenswerte Alumni wie Duffield behandeln , die zwei verschiedene Cornell - Programme besuchten und zwei verschiedene Grade erhielten ?",1,0
and didnt i just edit ur discussion page and arent you getting really pissed and arent i using th eword and too many times? [SEP] und habe ich nicht gerade Ihre Diskussionsseite bearbeitet und werdet ihr nicht wirklich wütend und werdet ich nicht mit th eword und zu viele Male ?,0,1
"Futhermore, single-purpose accounts are not viewed with a great deal of enthusiasm here. [SEP] Ferner werden hier nicht mit großer Begeisterung Einzelzweckrechnungen betrachtet .",1,0
"It appears that you two obviously should get along well together!. [SEP] Es scheint , dass Sie beide offensichtlich gut zusammenkommen sollten ! .",1,0
"Since the Unofficial STARFLEET International History link was broken, I removed it. [SEP] Da der unoffizielle STARFLEET International History Link gebrochen wurde , habe ich ihn entfernt .",1,0
"Yes. And the Catholic church says no sex before marriage, and as we all know, teen pregnancies are way down. [SEP] Ja . Und die katholische Kirche sagt kein Sex vor der Ehe , und wie wir alle wissen , sind die Schwangerschaften im Teenageralter sehr zurückgegangen .",0,1
"never controlled the spanish territory, ONLY SPAIN RULED THEM IN THE SPANISH PERIOD [SEP] nie das spanische Territorium kontrolliert , nur Spanien herrschte sie im spanischen Zeitraum",1,0
"THATS TRUE POST SOME MIXES YOUVE DONE PROVIDE LINKS [SEP] THATS TRUE POST Einige MIXES , die Sie getan haben , Verweise Links",0,1
"I see Dennis Brown mocked me on his talk page for getting blocked. He obviously knows I can't respond to it there. This is how an admin behaves? [SEP] Ich sehe Dennis Brown mich auf seiner Talk - Seite beschimpft , weil ich blockiert wurde . Er weiß natürlich , dass ich darauf nicht antworten kann . So verhält sich ein Administrator ?",1,0
"I may have vandalised a page, but I also FIX alot of other pages. [SEP] Ich habe vielleicht eine Seite veraltet , aber ich FIX auch viele andere Seiten .",1,0
Why wan't the page protected from moving instead? [SEP] Warum sollte die Seite nicht vor dem Verschieben geschützt werden ?,1,0
"Message received; You're welcome, Viriditas; and, thank you for being thinking to protect my personal information. [SEP] Nachricht empfangen ; Sie sind willkommen , Viriditas ; und danke , dass Sie daran denken , meine persönlichen Daten zu schützen .",1,0
"I make explanation in edit summary and talk page - please read before assume! Mina is unholy place of devil, Moslem must stone on Hajj. [SEP] Ich mache eine Erklärung in der Redaktion Zusammenfassung und der Gesprächsseite - lesen Sie bitte vor Annahme ! Mina ist unheiliger Ort des Teufels , Moslem muss Stein auf Hajj .",1,0
"Hey! I have changed the text cause mr Prelog is not FROM CROATIA, HE IS FROM BOSNIA! [SEP] Hey ! Ich habe den Text geändert , weil Herr Prelog nicht aus Kroatien ist , er ist aus Osnien !",1,0
"I'm also a sock puppet of this account...SUPRISE!! -sincerely, The man that will track you down from the Internet and kill you [SEP] Ich bin auch eine Sockenpuppe dieses Kontos . . . SUPRISE ! ! - sincerely , Der Mann , der Sie aus dem Internet verfolgen wird und Sie töten",0,1
"Monitor for cleanup: As of the date signed below, I noticed the untitled link at reference [1] appears to be dead ([URL] [SEP] Monitor für die Reinigung : Ab dem unterschriebenen Datum bemerkte ich , dass der unbetitelte Link bei der Referenz [ 1 ] tot erscheint ( [ URL ]",1,0
"If this turns out to be a hoax, :#redirect Pascal programming language. [SEP] Wenn sich dies als ein Scheitern erweist , : #redirect Pascal Programmiersprache .",1,0
"I think that this website is more focused on the barbie doll even though i typed in Ruth Handler! It needs more info on Ruth Handler!! Bold text [SEP] Ich denke , dass diese Website ist mehr auf die Barbie Puppe konzentriert , obwohl ich in Ruth Handler getypt ! Es braucht mehr Informationen über Ruth Handler ! ! Fetter Text",0,1
a couple of unfortunate historical events come to mind. [SEP] ein paar unglückliche historische Ereignisse kommen auf den Kopf .,1,0
JOHN LAWERENCE BRONOLD WAS BORN WITH JASON SIMANK [SEP] JOHN LAWERENCE BRONOLD wurde mit JASON SIMANK geboren,0,1
"I spruced things up a bit, so maybe lil' Pu'unene don't gotta to be no orphan no more... [SEP] Ich habe die Dinge ein wenig verschärft , so dass Pu ' unene vielleicht nicht mehr keine Waisen sein muss . . .",0,1
"Woah, woah, woah. Calm down, insanely fanatic cat lover. [SEP] Woah , woah , woah . Beruhigen Sie sich , wahnsinnig fanatischer Katzenliebhaber .",0,1
"This should be obvious as one does not file an article RFC against a user. : [SEP] Dies sollte offensichtlich sein , da man keinen Artikel RFC gegen einen Benutzer legt . :",1,0
"I am easily able to trace my lineage back to Charlemagne, as is anyone else who has a few centuries of genealogical records. [SEP] Ich bin leicht in der Lage , meine Linie zurück zu Karl zu verfolgen , wie jeder andere , der ein paar Jahrhunderte genealogische Aufzeichnungen hat .",1,0
Quit censoring or get reported== Removing the porn scandal background is AGAINST wiki policies. == [SEP] Beenden Sie die Zensur oder werden Sie gemeldet== Die Entfernung des Hintergrunds des Pornoskandals ist gegen Wiki - Richtlinien . ==,0,1
"There is no advertising going on. It's listing services that 50% of the school freshman and sophmores utilize. [SEP] Es gibt keine Werbung . Es ist die Auflistung von Diensten , die 50% der Schulanfänger und Schüler verwenden .",0,1
This guy is so dirty. He's awesome FUCK YEAH AHAHAHHAAHA [SEP] Dieser Kerl ist so schmutzig . Er ist toll FUCK Yeah AHAHAHHAAHA,0,1
instead led FAN eastwards onto the Plain of Jars. [SEP] stattdessen führte FAN nach Osten auf die Plain of Jars .,1,0
"It's just very confusing, that's all, and the segment seems irrelevant and extraneous. [SEP] Es ist einfach sehr verwirrend , das ist alles , und das Segment scheint irrelevant und extraneous .",1,0
what i wanna do im josh nanni i say fuck america and jews and ron howard [SEP] was ich tun will im Josh Nanni ich sage ficken Amerika und Juden und ron howard,0,1
"You'll find all sources state that he has not made a single appearance for Aldershot, other than as an unused substitute on the bench. [SEP] Sie werden alle Quellen feststellen , dass er nicht ein einziges Erscheinungsbild für Aldershot gemacht hat , außer als unbenutzter Ersatz auf der Bank .",1,0
"You are welcome to leave a message. I may not reply immediately. [SEP] Sie sind willkommen , eine Nachricht zu hinterlassen . Ich kann nicht sofort antworten .",1,0
"Who cares, read the page on Talk:Julio_Cortázar and see what other people are saying. Peace. ( ) [SEP] Wer interessiert , lesen Sie die Seite auf Talk : Julio_Cortázar und sehen Sie , was andere Leute sagen . Frieden . ( )",1,0
"Taking out the POV, leaving the opening paragraph quite bare. Find something non-POV to add. Tired of these games. [SEP] Nehmen Sie die POV , lassen Sie den ersten Absatz ganz bar . Finden Sie etwas Nicht - POV hinzuzufügen . Müde von diesen Spielen .",1,0
"Tried that before, PMC will have me hanged if I touch the forums section again... ( : [SEP] Ich habe versucht , dass vorher , PMC wird mich gehängt haben , wenn ich den Forums Abschnitt wieder berühre . . . ( :",0,1
"Look, stop messing up McMath Secondary School 's page. Please grow up and learn the rules here. Further violations will just get you banned. [SEP] Schauen Sie , stoppen Sie das Verwirren von McMath Secondary School ' s Seite . Bitte wächst und lernen Sie die Regeln hier . Weitere Verstöße werden nur erhalten Sie verboten .",1,0
"This is David Kelsey who hates NCSY because he is bitter that he was never regional president [SEP] Dies ist David Kelsey , der NCSY hasst , weil er bitter ist , dass er nie Regionalpräsident war",1,0
"I call a spade a spade, and a racist fool a racist fool. Bring it, brownshirt. [SEP] Ich nenne einen Pfad einen Pfad , und ein Rassistischer Narr ein Rassistischer Narr . Bring es , Braunes Hemd .",0,1
Reverting on an Editor's talkpage You should delete your 'art' from 's talkpage. [SEP] Umkehr auf einer Redakteur - Talkpage Sie sollten Ihre ' Kunst ' von der ' Talkpage ' löschen .,0,1
Silence! You obviously didn't read this!! WP: NONSENSE [SEP] Stille ! Du hast das offensichtlich nicht gelesen ! ! WP : NONSENSE,0,1
SEND 2 ME! a fan of MAS!!!!!! and MR Beans Holiday!!!!!!!!Bold text [SEP] SEND 2 ME ! ein Fan von MAS ! ! ! ! ! ! und MR Beans Holiday ! ! ! ! ! ! ! ! Bold Text,1,0
Why'd you restore the dead link? I was only trying to help. [SEP] Warum haben Sie die leere Verbindung wiederherstellen ? Ich versuchte nur zu helfen .,1,0
"This site is rubbish and is possibly slanderous. I hope they get sued and closed down [SEP] Diese Seite ist Müll und ist möglicherweise verleumdlich . Ich hoffe , sie werden verklagt und geschlossen",0,1
"Huh? Didn't understand what you're asking sorry... [SEP] Huh ? Verstand ich nicht , was du bittest um Entschuldigung . . .",1,0
"HA HA! Even if I showed you my Japanese face, you still probably wouldn't believe that I'm Japanese because HOW DARE would I argue with you? [SEP] HA HA ! Selbst wenn ich dir mein japanisches Gesicht zeigen würde , würdest du wahrscheinlich noch nicht glauben , dass ich Japaner bin , weil WIE WICHTIG würde ich mit dir streiten ?",1,0
"So, this is question. Leaving the headline field blank. [SEP] Also , dies ist eine Frage . Lassen Sie das Headline - Feld leer .",0,1
"You mean that there is 20,000 people logged onto the same server at the same time, hardware wise? [SEP] Sie meinen , dass 20 , 000 Menschen gleichzeitig auf demselben Server eingeloggt sind , was die Hardware betrifft ?",1,0
"Well Osli, you again! After your sockpuppet role?! Come on man! Try to be honest sometimes. [SEP] Nun Osli , du wieder ! Nach deiner Sockpuppet Rolle ? ! Komm Mann ! Versuche manchmal ehrlich zu sein .",0,1
STOP EDITING DUMBASS! —Preceding unsigned comment added by [SEP] STOP EDITING DUMBASS ! —Preceding unsigned comment hinzugefügt von,1,0
Mexican League Exactly how major is that league? '''' [SEP] Mexikanische Liga Genau wie groß ist diese Liga ? ' ' ' ',1,0
"But seriously strange aqt the same time. Its all by the BBC workshop, the guys and ladies that did the retro futuristc 60 stuff. [SEP] Aber wirklich seltsam aqt zur gleichen Zeit . Es ist alles von der BBC - Werkstatt , die Jungs und Damen , die die Retro futuristische 60 Sachen gemacht haben .",0,1
"Neil, as per your advice, I responded to all the charges in detail, and the result is I am blocked for a week ? Can you comment on this ? [SEP] Neil , nach Ihrem Rat habe ich auf alle Gebühren im Detail reagiert , und das Ergebnis ist , dass ich für eine Woche gesperrt bin ? Können Sie dazu kommentieren ?",1,0
"I will wait a little bit more until I add this section in myself as this has been unopposed for some time. [SEP] Ich werde noch ein wenig warten , bis ich diesen Abschnitt in mich selbst hinzufügen werde , da dieser seit einiger Zeit unbeansprucht ist .",1,0
"It surprises me that the list of St. Pauli Girl models is incomplete. Isn't that why Al Gore invented the internet, so people can google hot chicks? [SEP] Es überrascht mich , dass die Liste der St . Pauli Girl Modelle unvollständig ist . Ist das nicht , warum Al Gore das Internet erfunden hat , so dass die Leute heiße Küken googlen können ?",1,0
REDIRECT Talk:Abraham Lincoln's first inaugural address [SEP] REDIRECT Talk : Abraham Lincolns erste Einweihungsrede,1,0
"WHY CAN I NOT POST? PLEASRE UNBLOCK ME I DO NOTHIN WRONG FRENS I DO NOT COMPREHNDE WHAT IS GONE HAPPEN [SEP] Warum kann ich nicht posten ? Bitte entsperren mich Ich mache nichts falsches Ich verstehe nicht , was geschehen ist",0,1
"Oh, and calling the SITE Xenophobic is an attack on the content. [SEP] Oh , und die Bezeichnung der SITE Xenophobic ist ein Angriff auf den Inhalt .",1,0
This site is rubbish and is possibly slanderous. I hope they get sued and closed down [SEP] この サイト は 廃棄 物 で あ り 、 恐らく 侮辱 的 で あ る 。,1,0
It could be the proof that Transnistria is not very democratic but not that it's not independent. [SEP] それ は 、 トランジス ト リア が 非常 に 民主 的 で は な い が 、 それ は 独立 し て い な い こと を 証明 する か も しれ な い 。,1,0
Why the hell did you fucking write that?! I can vandalize Wikipedia whenever I want! [SEP] 私 は ウィキペディア を 無効 に する こと が でき ま す 私 が 望 む とき に !,1,0
Interesting that parts of New Land Islands seem to be settled. It used to be a nuke testing ground (first fusion bomb was tested there). [SEP] かつて は 原子 力 試験 場 だっ た ( 最初 の 核 融合 爆弾 が 試験 さ れ た ) 。,1,0
"Stop Fucking men up the arse James! Stop doing it in public, it's creeping me out. Thankyou asshole. [SEP] ジェームズ ! 公衆 で それ を 行 う の を やめ なさ い , それ は 私 を クリープ し て い ま す . ありがとう お ばあ ちゃん .",1,0
REDIRECT Talk:St Andrew's and St Bride's High School [SEP] リダイレクト トーク : セント アンドリューズ ・ アンド ・ ブライド 高校,1,0
"I could get them off the DVD, if they are really necessary. Those would be the only pictures I would have of them. [SEP] 本当 に 必要 な 場合 は 、 DVD から それ ら を 取り除 く こと が でき ま す 。",1,0
"It's very racist as well. But then, Schwarzenegger never made a good movie. [SEP] で も シュヴァーツネッガー は 良 い 映画 は 作 ら な かっ た",1,0
ROOM MATE IS IMMATURE AND I WILL CREATE A ACCOUNT [SEP] ルーム メート は イメージ で 、 アカウント を 作成 し ま す,1,0
you seam like a fucking hot and kinky person and i would like to bang the shit out of you [SEP] お前 は クソ ホット キンキー な 人 みたい に 縫い付け て くれ 俺 は お前 を 蹴り飛ば し た い,1,0
Hey ms psychology did you receive the textbook yet? [SEP] ちょっと 、 心理 学 さん 、 まだ 教科 書 を 受け取 っ た ん で す か ?,1,0
Noteable under point 5 of the Academic Notability requirements as he holds a named chair at a prestigious research institution. [SEP] 名誉 あ る 研究 機関 で 名誉 教授 を 務め て い る ため 、 アカデミック ・ ノベリティ の 要件 の 第 5 条 に 該当 する 。,1,0
Question for administrator Tried to remove Template:Uw-block but was disallowed. I think the template was falsely placed on this page by . [SEP] 管理 者 へ の 質問 Template :Uw-block を 削除 し よ う と し ま し た が 、 許可 さ れ ま せ ん で し た 。,1,0
"He started, reverted 9 times and patronized me. Calling me stupid is one another debate. [SEP] 彼 は 始め 、 9 回 反転 し 、 私 を 庇護 し ま し た 。",1,0
About citizenship Pietro Antonio Solari was neither swiss nor italian. In 1445 today's Tyssen was ruled by the Duke of Milan. [SEP] 国籍 に つ い て ピエトロ ・ アントニオ ・ ソラリ は スイス も イタリア も あ り ま せ ん で し た . 144 5 今日 の ティッセン は ミラノ 公 に よ っ て 支配 さ れ ま し た .,1,0
Actually fuck it. You're all gay nerds who butt fuck each other. I'm gonna go get laid. Btw homos go to hell. [SEP] 実際 に それ を ファック . あなた は 皆 、 お 互い を ファック ゲイ の ネルド で す . 私 は 、 レイド に 行 く つもり で す . ホモ は 地獄 に 行 く .,1,0
Thanks Thank for removing Scott Clemmensen's bio from the the Lowell Devils roster page! [SEP] スコット ・ クレメン セン の プロフィール を ロースター ページ から 削除 し て いただ き ありがとう ござ い ま す 。,1,0
"Well, at least now we know you are neither an honest nor truthful person. But, then, I suspect you already know that. [SEP] まあ 、 少な く とも 今 、 我々 は あなた が 正直 な 人 で も 真実 な 人 で も な い こと を 知 っ て い る 。",1,0
Isn't it against policy to block someone without warning? Especially if they didn't harass anyone in the first place? [SEP] 警告 なし に 誰 か を ブロック する こと は 、 政策 に 反 する もの で は あ り ま せ ん か ? 特に 、 彼 ら が 最初 から 誰 か を 嫌がら せ な かっ た 場合 ?,1,0
reverted the cut of images. Should ask for consensus before performing such large edits. [SEP] この よう な 大 規模 な 編集 を 実行 する 前 に コンセンサス を 求め る 必要 が あ り ま す 。,1,0
Evasion is a lesbian sinner who did sexual sockpuppet Harassment to all sisters. refer to god's eyes Impudent and shameless [SEP] すべて の 姉妹 に 性的 ソック パペット ハラスメント を し た レズビアン の 罪人 で す . 神 の 目 に 言及 卑猥 で 恥ずかし く な い,1,0
The 八字 also says Missouri would be a good destination. Do not go to the east coast. [SEP] 八字 は また 、 ミズーリ は 良 い 目的 地 で あ る と 述べ て い ま す 。,1,0
"but your edit to Allotropy wasn't helpful. As a result, I had to get rid of it. [SEP] その 結果 、 私 は それ を 取り除 く 必要 が あ り ま し た 。",1,0
"Yeah, my bad MikeWazowski. No, not a bastard, but a d-bag. [SEP] はい 、 私 の 悪 い MikeWazowski . いいえ 、 バッカード で は な く 、 d - バッグ .",1,0
P.S.S. not sure if any citations/references can be found but I suggest just leaving it at common-sense or common-knowledge [SEP] P . S . S . 引用 / 参照 が あ る か どう か は わか ら な い が 、 私 は それ を 常識 や 常識 に 残 す こと を お 勧め し ま す,1,0
I can only pray you're less of a judgmental human since 2009. [SEP] 私 は あなた 方 が 2009 年 以来 判断 力 の 低 い 人間 で あ る こと を 祈 る こと が でき ま す 。,1,0
"to munch pussy and not know how to spell good in English, because I am fucking foreigner for who with which English is the hard language I am dyke. [SEP] オマンコ を 吸 う の に 英語 で うま く 綴 る なんて 知 り ま せ ん なぜ なら 誰 が どの 英語 で ハード な 言語 を 使 え ば 私 が ダイク だ から 外国 人 だ から で す",1,0
and vandalism until the article is properly discussed [SEP] 記事 が 適切 に 議論 さ れ る まで,1,0
thanks but i think I do not think it will go and fix that the images are too big? am I wrong? [SEP] ありがとう で も 、 私 は それ が 行 く と 画像 が 大き すぎ る こと を 修正 する と 思 い ま す か ?,1,0
how was that vandalism and who do you think you are? the owner of wikipedia? [SEP] どう し た の ? ウィキペディア の オーナー ?,1,0
he is iran national team vooleyball palayer so he is famous  [SEP] アイラン 代表 ヴォーリー ボール パレー ヤー だ から 有名 で す,1,0
I'm Catholic and Pope John Paul II is not a saint. This article says he is. [SEP] 私 は カトリック 教 徒 で 、 教皇 ヨハネ ・ パウロ 2 世 は 聖人 で は あ り ま せ ん 。,1,0
Why? It's money they stole from him to begin with? SS is a huge scam. a 23 year old sick of control freaks. [SEP] なぜ で す か ? それ は 彼 ら が 彼 から 始め に 盗 ん だ お 金 で す か ? SS は 巨大 な 詐欺 で す . 23 コントロール の 狂気 の 病気 の 歳 .,1,0
Incidentally you misrepresent me yet again in a number of ways. [SEP] ところ で 、 あなた 方 は また 、 いく つ か の 方法 で 私 を 誤 っ て 表現 し て い ま す 。,1,0
"Did not know white men like Sitush also live in Ghaziabad, UP. [SEP] ウォリシュ の よう な 白人 男性 も 、 ガジア バード 、 UP に 住 ん で 知 ら な かっ た 。",1,0
Its not the same thing. Whatsoever. This article is pitiful and misleading [SEP] それ は 同じ こと で は あ り ま せ ん . とにかく . この 記事 は 哀れ く 、 誤解 で す,1,0
"yeah right, some asshole logged on to my computer while i was passed out [SEP] うん そう だ たまたま コンピューター に ログ イン し た ヤツ が",1,0
Douchebag is a washed up has been who is mostly a crackhead bitch. [SEP] Douchebag は 洗浄 さ れ 、 ほとんど が クレイク ヘッド の ビッチ さ れ て い る 。,1,0
Can you help the article Silent Note that it wont get deleted [SEP] Silent が 削除 さ れ な い と い う 記事 に 役立 ち ま す か ?,1,0
"Oh ok! Im v sorry. Will be careful in future, thanks. Hilda Khan [SEP] ああ 、 大丈夫 で す ! Im v ごめん なさ い 。",1,0
"I'll tell you what I'm not, and that's a useless, towel-headed sand nigger. All your kind sicken me. [SEP] 私 が 何者 で は な い か 、 そして それ は 無用 な 、 タオル ヘッド の 砂 の 黒人 で す 。",1,0
"No, he has a valid point and I have proved it very easily. See above proof. [SEP] いいえ 、 彼 は 有効 な ポイント を 持 っ て お り 、 私 は それ を 非常 に 簡単 に 証明 し ま し た 。",1,0
Re your message: That won't work. You can't use the existence of the Wikipedia article to establish the phrase's notability. [SEP] ウィキペディア の 記事 の 存在 を 用い て 、 フレーズ の 有用 性 を 確立 する こと は でき ま せ ん 。,1,0
"Filll, You have way too much time on your hands. Why not go find a wife. [SEP] フィル , あなた は あなた の 手 で あまり に も 多く の 時間 を 持 っ て い ま す . なぜ 妻 を 見つけ な い で くださ い .",1,0
Why pick on poor YourBrain? He's been through enough today. Don't believe me? Look at the poor guy's talk page. [SEP] なぜ 貧し い あなた の 脳 を ピックアップ する ? 彼 は 今日 の 十分 を 通過 し ま し た . 私 を 信 じ な い ? 貧し い 男 の トーク ページ を 見 て くださ い .,1,0
"I have replaced the word decimated by destroyed, since to decimate means to destroy 10% of something. [SEP] 私 は 「 破壊 」 と い う 言葉 を 「 破壊 」 と 置き換え ま し た 。 なぜ なら 、 「 破壊 」 と は 何 か の 10 % を 破壊 する こと で す 。",1,0
Hey fucking retard?== I was deleting my own post. Quit sending me fucking sandbox warnings you fucking retard. == [SEP] 俺 の ポスト を 削除 し て い た ん だ 俺 に サド ボックス の 警告 を 送 る の を やめ ろ バカバカ,1,0
"Hey Ryan, Fuck you faggot, how do you like those apples bitch? [SEP] ねえ 、 ライアン 、 ファック あなた お ばあ ちゃん 、 あなた は それ ら の リンゴ の ビッチ が 好き で す か ?",1,0
Please undo your second reversion of my removal of that taxobox. [SEP] 私 の タクソ ボックス の 削除 の 2 番 目 の リバース を 無効 に し て くださ い 。,1,0
How have I harmed those pages? You are wasting my time. It must be true that most wikipedians have no girlfriends. [SEP] 私 は それ ら の ページ を 傷つけ ま し た か ? あなた は 私 の 時間 を 無駄 に し て い ま す . それ は ほとんど の ウィキペディア の ガール フレンド を 持 っ て い な い 真実 で あ る 必要 が あ り ま す .,1,0
Get a life and quit stalking me. You admin clowns need to move out of your parents basements and get some real life experience in human interaction. [SEP] あなた の 管理 者 の クローン は 、 あなた の 両親 の 地下 室 から 移動 し 、 人間 の 相互 作用 で いく つ か の 実際 の 生活 の 経験 を 得 る 必要 が あ り ま す 。,1,0
Bishop Okotie Diemiruru Aghotor is the presiding Bishop of Cornerstone Pentecostal Charismatic Church in Austria. Europe. [SEP] 司教 Okotie Diemiruru 司教 は 、 オーストリア の Cornerstone Pentecostal カリスマティック 教会 の 主宰 司教 で す 。,1,0
uranus rules and u suck nomorewriting biatch i hate u go suck uranus and a dick [SEP] ウラン の ルール と u 吸 う 番号 の 書 き 方 バイッチ 憎 む ウラン と チンポ を 吸 う,1,0
featured article candidatesNorman Wisdom/archive1 [SEP] featured article candidates ノーマン ・ ウィズダム / アーカイブ 1,0,0
"I guess you should point out French defense minister Jean-Yves Le Drian said he was dead in an interview. Anyway, hopefully [SEP] フランス の 防衛 大臣 ジャン ・ イヴ ・ ル ・ ドリアン は インタビュー で 死 ん だ と 言 い ま し た",1,0
"dumbo. Who looks for pages to delete like that? do you know anyone called barney naylor? srsly, get a life. [SEP] どんばん 誰 が こんな ページ を 削除 する の ? バーニー ・ ナイラー と い う 誰 か を 知 っ て る ?",1,0
I heard that they proved Baatin died from a cocaine overdose. We really should mention his cause of death in the article. [SEP] 彼 ら は 、 バーティン が コカイン 過剰 摂取 で 死 ん だ こと を 証明 し た と 聞 い た 。,1,0
"There is no “controversy”. In reality, it’s Monsanto’s sock puppets against pretty much all other scientists in that sector. [SEP] 実際 に は 、 モンサント の 靴下 の 人形 は 、 その 分野 の ほとんど すべて の 他 の 科学 者 に 対抗 し て い ま す 。",1,0
"AND I WAS STILL BLOCKED, HOW COULD I DO PERSONAL INSULTS WHEN I WAS BLOCKED? CHECK YOURSELF BEFORE YOU WRECK YOURSELF. [SEP] そして 、 私 は まだ ブロック さ れ 、 私 が ブロック さ れ た とき 、 私 個人 的 な 侮辱 を 行 う こと が でき ま す か ? あなた 自身 を 調べ る 前 に 自分 自身 を チェック し て くださ い 。",1,0
"re-instated the vandalism warning. - 17:53, 3 September [SEP] ヴァンダ リズム 警告 を 再発 - 9 月 3 日 17 : 5 3",1,0
Then I gave myself a gold star and dickhead of the year award. Sorry I'm so gay [SEP] その 後 、 私 は 自分 自身 に 金星 と 今年 の ディック ヘッド 賞 を 与え ま し た . 申し訳 あ り ま せ ん 私 は とても ゲイ で す,1,0
"Can you please offer me suggestions on what I should to do if he harasses me again? Thanks, [SEP] 彼 が 再び 私 を 悩 ま せ た 場合 、 どう すれ ば よ いかに つ い て 提案 し て もらえ ま す か ? ありがとう 。",1,0
I object to this edit. this article is not your personal domain. december 27 is not sufficient time for all editors to be advised of such an edit [SEP] 私 は この 編集 に 異議 を 申し立て ま す . この 記事 は あなた の 個人 的 な ドメイン で は あ り ま せ ん . 12 月 27 すべて の 編集 者 が その よう な 編集 に 助言 さ れ る の に 十分 な 時間 で は あ り ま せ ん,1,0
"between you and me, that was pretty funny. Just don't do it outside of the Sandbox or you will get into trouble. [SEP] サンド ボックス の 外 に は 行 か な い と 困 る わ",1,0
I'll help you to put up some serious human rights violations in Australia. [SEP] オーストラリア で 深刻 な 人権 侵害 を 起こ す の を 助け ま す 。,1,0
De-registration of BusesDe-registration of buses [SEP] バス の 無 登録 バス の 無 登録,1,0
"YOU FUCKING NIGGER, HOW DARE YOU REVERT MY EDITS???? I'LL HUNT YOU DOWN AND RAPE YOU UNTIL YOU SHIT YOUR INTERNAL ORGANS OUT [SEP] あなた は ニッガー を かぶ っ て 、 あなた は 私 の 編集 を リバート し て い ま せ ん か ? 私 は あなた が あなた の 内部 の 組織 を 打 つ まで あなた を 下ろ し 、 あなた を 圧倒 し ま す",1,0
I deleted King from the member list on the new live CD. Regain Records details show that Infernus recorded Guitars AND Bass. Not Queen. [SEP] レゲイン ・ レコード の 詳細 は 、 Infernus が ギター と ベース を 録音 し た こと を 示 し て い ま す . クイーン で は あ り ま せ ん .,1,0
New Black Shades are an Australian 5 piece Rock Band from the city of Newcastle. [SEP] ニュー ・ ブラック ・ シェード ( New Black Shades ) は 、 ニュー カッセル の オーストラリア の ロック バンド 。,1,0
We all love Selena even though she was like brittany spears or madonna [SEP] 私 たち は 皆 セレナ を 愛 し て い ま す が 、 彼女 は ブリタニー の 槍 や マドナ の よう に,1,0
"Well, this chap isn't a sockpuppet of me, and I resent the outrageous accusation. You can enter that into the offical LOG. [SEP] まあ 、 この 男 は 私 の 靴下 人形 で は な い し 、 私 は 激し い 告発 を 恨 む . あなた は オフシカル LOG に それ を 入力 する こと が でき ま す .",1,0
"You are a fool if you think Wikipedia is a respected entitity in this world. So, shut [SEP] ウィキペディア は 、 この 世界 で 尊敬 さ れ る 権限 で あ る と 思 う なら 、 あなた は 愚か で す だ から 、 閉じ る",1,0
"Just block me forever. Right now. Go ahead, do it. I couldn't care less ... in fact, it's what I want you to do. [SEP] 私 を 永遠 に 閉じ込め なさ い 今 すぐ 先 に 進 み なさ い や っ て み なさ い 私 が 気 に 入 ら な い 実際 それ は 私 が し た い こと な の で す",1,0
It as if you are shitting on an open grave of Maximillian because you couldn't bear the fact that he tried to help your pathetic ass. [SEP] 彼 は あなた の 哀れ な 尻 を 助け よう と し た と い う 事実 を 耐え る こと が でき な かっ た の で 、 あなた は マキシミリアン の 開 い た 墓 に shitting し て い る か の よう に 。,1,0
"a fight and argument'''. Also, I am very stingy and I am a retard, spastic and I smell like a donkey's feces [SEP] また 、 私 は 非常 に 刺し く て 、 私 は retard , spastic と 私 は ロバ の 糞 の よう な 臭 い で す 。",1,0
"come to an agreement in less than 3 days, let me (or any other admin) know and I'll unprotect the article. If you [SEP] 3 日 以内 に 合意 に 来る , 私 ( また は 他 の 管理 者 ) 知 っ て い る と 私 は 記事 の 保護 を 解除 し ま す .",1,0
HEY ASSHOLE I'LL FIND OUT WHERE YOU LIVE AND BURN DOWN YOUR HOUSE [SEP] おい お ばあ ちゃん どこ に 住 ん で い て 家 を 焼 い た か 見つけ る わ,1,0
"THIS IS A SEPARATE POST, SORRY. WIKIPEDIA'S EDITING SOFTWARE IS COMPLICATED! [SEP] WIKIPEDIA の 編集 ソフト は ご 利用 いただけ ま せ ん 。",1,0
I really like your picture of Saguaro National Park. Was that taken with a polarized lense? [SEP] サガロ 国立 公園 の 写真 は 、 極性 レンズ で 撮 ら れ た の で しょ う か ?,1,0
"Less Heard Would you please provide alleged examples of any of the above,all of which are unknown to me or the other readers. [SEP] 以上 の よう な 例 は 、 私 や 他 の 読者 に は 知 ら れ て い な い で しょ う 。",1,0
"Fucking piece of shit, he was vandalizing a bunch of articles, so fuck off, you little twerp. [SEP] クソ の 塊 , 彼 は 記事 の 束 を 破壊 し て い た , だ から 、 お前 は 、 小さな ツバク を ファック オフ .",1,0
Is there a correlation or ratio betweem systolic and diastolic components of blood pressure? [SEP] 血圧 の シストリック 部品 と ジアストリック 部品 の 間 に 関連 性 が あ る か 、 また は 比率 が あ る か 。,1,0
"Are you sure that you can access The Chris Houlihan Room? I've heard that you couldn't. If so, could you explain how? Proper [SEP] クリス ・ ハウ ヘリン ・ ルーム に アクセス でき る か どう か 確信 し て い ま す か ? そう で あ れ ば 、 どの よう に 説明 でき ま す か ? 適切 な",1,0
"Grow up little man, its rather pathetic you sit here trying to use Wikipedia for political attacks. [SEP] 小さな 男 が 成長 し 、 あなた は 政治 的 な 攻撃 の ため に ウィキペディア を 使用 し よう と ここ に 座 っ て い る の は むしろ 哀れ で す 。",1,0
Man you are seriously fucking retarded. Did you write those shitty articles yourself? [SEP] 男 あなた は 深刻 な retarded で す . あなた は 自分 自身 で それ ら の shitty 記事 を 書 い て い ま し た ?,1,0
"However, it won't matter for the ratio since the normalizing constant drops out. [SEP] ただし 、 正規 化 定数 が なくな る の で 、 比率 は 関係 あ り ま せ ん 。",1,0
"You daughters look retarded, man. And your wife looks like an actual pig. I have yet to see a more excruciatingly hideous family! [SEP] あなた の 娘 は 、 男 が retarded 見え ま す . そして 、 あなた の 妻 は 、 実際 の 豚 の よう に 見え ま す . 私 は まだ 、 より ひど く 恐ろし い 家族 を 参照 する 必要 が あ り ま す !",1,0
"WHO GIVES A FUCK IF ITS GOT A LITTLE HYPHEN IN THE MIDDLE, YOUR A FUCKING-NERD WHO HAS NO LIFE, NO CLASS AND NO CHANCE OF LOSING YOUR VIRGINITY [SEP] マイルドール に 少し ヒューフェン が い た ら 、 お前 の バー ギン シティ を 失 う 可能 性 も な く 、 人生 も な く 、 賃金 も な く 、 お前 の 頭 が おかし く な る",1,0
"Jesus, I make ONE change, and you guys are all over me. I am a woman in PAIN! GET OUT OF MY GRILL! GET OUT OF MY HOUSE! GOO! [SEP] イエス , 私 は 1 つ の 変化 を し ま す , そして 、 あなた 達 は 私 の 上 に すべて あ り ま す . 私 は 悲しみ の 女性 で す !",1,0
"never controlled the spanish territory, ONLY SPAIN RULED THEM IN THE SPANISH PERIOD [SEP] スペイン は スペイン の 領土 を 支配 し な かっ た が 、 スペイン は スペイン の 領土 を 支配 し た",1,0
"Crikey, not only did I piss of 'Daddy' I pissed off 'Mummy' too.. I'm such a bad, bad boy. STOP Wikipedia elitism. [SEP] Crikey , not only did I piss of 'Daddy' I pissed off 'Mummy ' too . . I'm such a bad , bad boy . ウィキペディア の エリート 主義 を 停止 し ま す 。",1,0
"Phil Spector is a FUCKING MURDERER !!! You know it and so do I - kust like OJ. Are you his son or something ? [SEP] 菲尔 · 斯 佩克 特是 个 疯狂 的 杀人犯 , 你 知道 的 , 我 也 一样 , 就 像 OJ 一样 . 你 是不是 他 的 儿子 ?",1,0
"Hi, I've never been that good with adding photo's caan you tell me how! Thanks, pbl1998 [SEP] 嗨 , 我 从来 没 这么 擅长 添加 照片 的 卡恩 你 告诉 我 怎么 ! 谢谢 , pbl1998",1,0
"Be nice and don't be a dick, or I will kick your ass. [SEP] 要 好 , 别 傻 , 不然 我 就 踢 你 屁股 了 。",0,1
"Yeah, instead of talking about the M1 Abrams, which is what this page is for, let's talk about Hezbollah and Israel. Idiot. [SEP] 是 的 , 而 不是 谈论 M1 亚伯 拉姆 , 这 也 是 本页 的 目的 , 让 我们 谈谈 真主党 和 以色列 . 傻瓜 .",1,0
"Irish slaves? omg! Where do you get this stuff from. Comanche cph [SEP] 爱尔兰 奴隶 ? 哦 , 你 从 哪里 弄 来 的 这些 东西 ?",1,0
"I removed NOTHING from the Poincare page or discussion. I want everything reinstated just as it was this morning. [SEP] 我 从 Poincare 页 或 讨论 中 删除 了 什么 东西 , 我 想 把 一切 都 恢复 到 今天 早上 的 样子 。",1,0
"Read midnight to dawn. By Jacqueline L Tobin. Then the lyrics to Allman Bros song Midnight rider [SEP] 读 午夜 到 黎明 , 由 杰克 琳 · 托宾 ( Jacqueline L Tobin ) 演唱 , 然后 是 Allman 兄弟 歌曲 《 午夜 骑手 》 的 歌词",1,0
"I deleted a section of the article that was relevant to the KKK in general, but not the title of Imperial Wizard. [SEP] 我 删除 了 一篇 与 KKK 有关 的 文章 , 但 没有 “ 帝国 魔法师 ” 的 标题 。",1,0
"de-chomskidize is dr john sherman. he teaches history at wright state university in dayton ohio. he is an expert on latin america [SEP] de - chomskidize 是 约翰 · 谢尔曼 博士 。 他 教授 历史 在 惠特 州立大学 , 他 是 拉丁美洲 专家",1,0
"Hey, guess what? You're still a twat. I love you, douchebag. [SEP] 嘿 , 猜 一 猜 ? 你 还是 个 混蛋 , 我爱你 , 混蛋 。",0,1
"But then again, you probably don't even know that I have been trolled endlessly here. Oh well. [SEP] 但是 , 你 可能 还 不 知道 我 在 这儿 被 无休止 的 追踪 了 。 哦 , 好 吧 。",1,0
"Most known roll is not Inuyasha, it'd either be the announcer for Enzyte or as Megatron in a multitude of Transformers series. [SEP] 最 著名 的 版本 不是 Inuyasha , 它 可能 是 Enzyte 的 宣布 者 , 或者 作为 许多 变形 器 系列 中 的 Megatron 。",1,0
"Actually, all of that section is indexed to one section. Isn't that a red flag of some sort? [SEP] 事实上 , 这个 部分 都 是 归纳到 一个 部分 。 那 不是 某种意义 上 的 红旗 吗 ?",1,0
I have doubt on the continued validity of the survial of your mother. [SEP] 我 怀疑 你 母亲 的 遗体 是否 继续 有效 .,1,0
What kind of academical authority is able to know the correction of the article? If I remove the deletion tag is because of its very ofensive status [SEP] 什么样 的 学术 机构 能够 知道 文章 的 修正 ? 如果 我 删除 删除 标签 是因为 它 非常 具有 攻击性 的 地位,1,0
"This is the text i struggle to post in G.91 page. Just to realize how i want to contribute to wiki, and how someone don't want i do it: [SEP] 这 是 我 很 难 在 G.91 页 上 发表 的 文本 , 只是 想 明白 我 怎样 想 为 维基 做出 贡献 , 以及 有人 怎么 不 希望 我 这样 做 :",1,0
"Arthur is a total shill. I would not doubt at all if he gets paid by the government to full-time deface Wikipedia to suppress truth. [SEP] 亚瑟 是 个 笨蛋 , 我 一点 也 不 怀疑 政府 是否 会 给 他 付钱 来 整天 抹掉 维基百科 , 以 压制 真相 。",1,0
"If Catch 22 didn't exist, they'd have had to invent it. [SEP] 如果 卡奇 22 没有 存在 , 他们 就 必须 发明 它 。",1,0
"Who cares? The janjaweed are just a bunch of murderers anyway! [SEP] 谁 不在乎 ? , 这些 野蛮 人 只是 一群 谋杀者 !",1,0
"I'm Not vandalizing. You refuse my evidence on the talk area. You seem to be blind in your support of a Racist who calls for violence. [SEP] 我 不会 破坏 你 , 你 拒绝 我 的 证据 , 你 好像 在 支持 一个 要求 暴力 的 种族主义者 时 瞎 了 。",1,0
"harrass. He reverted my edit without proper reasoning [SEP] 哈拉 斯 , 他 没有 适当 的 理由 就 把 我 的 编辑 反过来 了",1,0
"I saw her for the first time on the Daily Show last week. Oh my freaking god..that woman is fucking HOT!!!! [SEP] 上星期 我 在 《 每日 秀 》 上 第一次 见到 她 。 哦 , 我 的 天 哪 , 那个 女人真 热 啊 !",1,0
"You are retarded you little bitch you suck balls go to hell [SEP] 你 迟钝 了 , 你 小 婊子 , 你 吸 了 , 滚 到 地狱",0,1
"Sign on what? If AIM, no. And can you host the image on photobucket or something, cuz facebook's blocked now. [SEP] 签 什么 ? 如果 AIM , 不 , 你 可以 在 照片 桶 或者 什么 东西 上 寄 照片 , 因为 Facebook 现在 被 封锁 了 。",1,0
"Sorry, but your edit to Allotropy wasn't helpful. As a result, I had to get rid of it. [SEP] 对不起 , 您 的 对 Alotropy 的 编辑 没有 帮助 , 因此 , 我 不得不 摆脱 它 .",1,0
"I'M GETTING ANGRY AT YOU!!!!!!!!! YOU ARE GETTING CLOSE TO BE BLOCKED FROM EDITING!!!! [SEP] 我 对 你 很 生气 了 , 你 快要 从 编辑 中 消失 了 !",1,0
"hahaha my name is danielle nicole meyer and i am retarded [SEP] 哈哈 , 我 叫 丹尼尔 · 尼科尔 · 米 耶 , 我太迟 了",1,0
"Deleted. Untruthfull. Sniff the white phosphorus happy. - 20: [SEP] 删除 , 不 真实 , 闻一闻 白磷 , 高兴 .",0,1
"Jamie, I do not want to know your sexualoty thank you very much. [SEP] 杰米 , 我 不想 了解 你 的 性情 , 非常感谢 你 。",1,0
"Lesch-Nyhan syndrome Although I didn't find anything on the internet, I wonder if this version might not be a copyright violation. [SEP] 莱什 - 奈汉 综合征 虽然 我 在 网上 没 找到 任何 东西 , 但 我 想 知道 这个 版本 是不是 违反 了 版权 。",1,0
"you deleted my page and i am extrememly mad and i feel damaged i am not happy [SEP] 你 删除 了 我 的 页面 , 我 极度 疯 了 , 我 感到 受损 , 我 并 不 高兴",1,0
"And you didn't answer my question. Mabybe you should lighten up and try to help me so we can both diffuse this little situation. [SEP] 你 没有 回答 我 的 问题 , 马比贝 , 你 应该 点 点灯 来 帮助 我 , 这样 我们 就 能 把 这个 小 事情 分散 出去 。",1,0
"hey, andy doesn't just play on Sabian cymbals. though he does use C&C; drums I've seen him use a variety of both Sabians and Zildjians. [SEP] 嘿 , 安迪 不仅仅 在 萨 比亚 的 鼓子 上 演奏 。 虽然 他 使用 C & C 的 鼓子 我 见 过 他 使用 各种 萨 比亚 和 齐尔吉亚 的 鼓子 。",1,0
SOMEONE NEEDS TO PROVE THE LAW OF THE UNCONSCIOUS STATISTICIAN OR ELSE [SEP] 某人 需要 证明 非 科学 统计学家 或 其他 人士 的 法律,1,0
"TOTALITARIAN GOVERNMENT THAT SHOULD BE VIOLENTLY OVERTHROWN AND WIPED OFF THE FACE OF THE EARTH [SEP] 该国 政府 应该 被 暴行 推翻 , 并 从 地球表面 撤出",1,0
Wondering if doublespeak haven't more to do with equivocation and/or amphibology than euphemism ? [SEP] 不 知道 双语 是否 与 辩论 和 / 或 两栖 学 没有 比喻 更 多 的 关系 吗 ?,1,0
"Yarmouk camp == News from Yarmouk camp reported that Isis captured 70% of the camp and clashes are still ongoing.SOHR,SOHR,NBCNEWS,BBC,Dailystar. == [SEP] 耶鲁 克 难民营 的 新闻报道 说 伊西斯 占领 了 70% 的 难民营 , 冲突 仍 在 继续 。",1,0
"Nor, oddly a dictatorship where lonesome boys get off on meaningless power trips. ColScott [SEP] 也 奇怪的是 , 独裁政权 是 孤独 的 男孩 在 无 意义 的 权力 旅行 中 离开 的 。",1,0
"Well I'm glad you don't take yourself too seriously, you pendantic twat. [SEP] 我 很 高兴 你 没有 太 认真 , 你 这个 挂饰 的 家伙 。",0,1
"Dont fucking put a template warning on my page and try and insult me like that you stupid fucking piece of shit. ) [SEP] 不要 把 我 的 页面 上 贴 一个 模板 警告 , 然后 像 你 那 笨蛋 一样 侮辱 我 。",1,0
"I'm going to - glad you did do a block in the first place though. [SEP] 不过 , 我 很 高兴 你 一 开始 就 干 了 一个 街头 .",1,0
"No! you you are interested in delation, all should be deleted together. [SEP] 不 , 你 有 兴趣 去除 , 所有 的 都 应该 一起 删除 .",1,0
"All right, (sorry to interrupt) I think we should head over to the talk page for Defecation to discuss something simliar. [SEP] 好 吧 , ( 对不起 打断 一下 ) 我 想 我们 应该 到 “ 排便 ” 的 谈话 页 去 讨论 一些 隐喻 的 话题 。",1,0
"I did some original research and called someone. They think he got on the board in the mid 1990's. [SEP] 我 做 了 一些 原始 的 研究 , 打电话 给 某人 , 他们 认为 他 在 1990 年代 中期 加入 了 董事会 。",1,0
"Yes Ah soooBig Dumb Object, just a bunch o hosers, give up so easily..quitters [SEP] 是 啊 啊 , 大 笨蛋 , 只是 一群 人 , 轻易 放弃 。",0,1
"off my page and i wasn't even finish with my stuff dumb ass, so why you sending me shit? Replay back punk ass hoe! [SEP] 我 还 没 把 我 的 东西 都 写 完 , 你 为什么 给 我 送 屁 呢 ? 再弹 一遍 , 傻瓜 , 胡 !",1,0
"Is it really necessary to have a represenatation of beastiality (octopus on woman) on here? I'm all for inclusiveness but this seems a bit much. [SEP] 这里 是否 真的 需要 压抑 健壮性 ( 对 女人 的 胚胎 ) 吗 ? 我 完全 赞成 包容性 , 但 这 看起来 有点 多 。",1,0
"Thankyou for granting my request. I feel that this block is appropriate for my actions no matter the circumstances and I have learnt a lesson. [SEP] 谢谢 你 答应 了 我 的 请求 , 我 觉得 这块 地方 适合 我 的 行为 , 无论 情况 如何 , 我 已 吸取 了 教训 。",1,0
"hey buddhu...Go and watch the censor certificate of Chennai Express and see whether its Hindi or Tamil... [SEP] 嘿 , 佛陀 , 去 看看 Chennai Express 的 censor 证书 , 看看 它 的 印第安语 还是 泰米尔语 ...",1,0
"How could the capital of Israel not be part of Israel, you fucking brainwashed Arab dumbass. [SEP] 以色列 的 首都 怎么 可能 不是 以色列 的 一部分 , 你 这个 被 洗脑 的 阿拉伯 傻瓜 。",1,0
"my name is dub ya or w and i hate you you changed my hanging? the fuck is wrong with you? [SEP] 我 叫 杜布 · 亚 或 W , 我 恨 你 你 你 改变 了 我 的 悬挂 ? 你 到底 怎么 了 ?",1,0
REDIRECT Talk:Abbey Christian Brothers' Grammar School [SEP] 主题 : 修道院 基督教 兄弟 语文 学校,1,0
your conclusion (that Ryu isthe next Akuma or whatever) [SEP] 你 的 结论 ( 鲁是 下 一个 阿古 马 或 什么 ),1,0
Can anyone find a Blue Paul Terrier picture we can use for the Table ? [SEP] 谁 能 找到 一张 我们 可以 用作 桌子 的 蓝 保罗 特里尔 照片 吗 ?,1,0
"I need to protect my industry, as a professional model represented by the Union. [SEP] 我 需要 保护 我 的 工业 , 作为 欧盟 所 代表 的 一 个 专业 模式 。",1,0
YOU FUCKING SUCK I HATE YOUR FUCKING SITE IT SUCKS ASS! [SEP] 你 妈 的 我 讨厌 你 妈 的 网站 它 妈 的 !,0,1
"I made clear Trabzon as Turkish name of the city. Because the city not located in Greece [SEP] 我 把 特布鲁兹堡 当作 土耳其 的 城名 , 因为 该城 不是 希腊 的",1,0
Why don't you go F yourself deliting nigger? Fuck you and your lies! [SEP] 你 为什么 不 自己 去 吃苦 的 黑人 ? 你 和 你 的 谎言 都 滚蛋 !,1,0
"lmao! Thanks TV2007, but I could have told him my self I wasn't reading that shit he put their for me to read [SEP] 谢谢 电视 2007 , 不过 我 本来 可以 告诉 他 自己 , 我 没有 读 他 给 我 读 的 东西",1,0
REDIRECT Talk:15th Congress of the All-Union Communist Party (Bolsheviks) [SEP] 主题 : 全 联盟 共产党 ( 波尔 什维克 ) 第 15 届 大会,1,0
your answer doesn't explain to me who is reviewing this particular piece of kryptonite. [SEP] 你 的 回答 并 不能 解释 是 谁 正在 检查 这件 特殊 的 密码 。,1,0
REDIRECT Talk:55th (Westmoreland) Regiment of Foot [SEP] 参考 译文 : 第 55 步兵团 ( 西莫兰 ),1,0
Moved from La Opinion becasue of proper spelling. - [SEP] 因 正确 拼写 而 离开 La Opinion .-,1,0
"Heh, look, not EVERYTHING is on google. you are a dumbass. [SEP] 嘿 , 听 着 , 谷歌 上 什么 都 没有 , 你 是 个 傻瓜 。",1,0
"The british media does not use the term british isles nor does the media in any country i have been to so your facs seem to be outdated. [SEP] 英国 媒体 没有 使用 英国 岛屿 的 术语 , 我 曾经 去过 任何 一个 国家 的 媒体 也 没有 使用 英国 岛屿 的 术语 , 所以 你 的 面孔 似乎 已经 过时 了 。",1,0
The Dear Eskiimo== The Dear Eskiimo section was deleted. Why? == [SEP] 亲爱 的 爱斯 基米 莫 = = 亲爱 的 爱斯 基米 莫 部分 被 删除 了 . 为什么 ?,1,0
"Thank you for time but resources is not as important as sound. Pop used to be first before you came here. Proof: [] [SEP] 谢谢 你 的 时间 , 但是 资源 并 不 像 声音 那么 重要 。 你 来 这里 之前 , 爸爸 是 第一位 的 。",1,0
"Dear anonymus user/or ' sockpuppet! I do not have a mood with you to argue. Look for new friends for yourself there: or . • [SEP] 亲爱 的 匿名 用户 / 或 "" 袜子 人偶 ! 我 没有 和 你 争吵 的 情绪 . 在 那里 寻找 新 的 朋友 : 或 . •",1,0
"FUCK YOU Bluezy YOU ARE PROBABLY JUST A GAY WHO LIKES IT UP THE ASS!!!!!!!!!!!!!!!!!!!!!!! [SEP] 妈 的 , 布鲁西 你 可能 只是 一个 喜欢 这 东西 的 同志 了 ! ! ! ! ! ! ! ! ! ! !",1,0
"I may sound stupid asking this, but what is a Bignole? Sounds like something out of The Hobbit. [SEP] 这个 问题 听 起来 很 愚蠢 , 但 什么 是 大 傻瓜 ? 听 起来 像 哈 比特 一样 。",1,0
"Don't make me say this place is a dump. PUt it in OR ELSE. [SEP] 别 让 我 说 这 地方 是 垃圾场 , 把 它 扔进 别的 地方 。",0,1
"IN INSULTING AND HUMILIATING USER:SUMMERLOVERIT2010 RESULTING IN DAMAGES VIA WIKIPEDIA [SEP] 在 安装 和 模拟 用户 : SUMMERLOVERIT2010 中 , 使用 WIKIPEDIA 引起 的 损失",1,0
"HLQall of these things happen to be lies so go fuck yourself and die lol jk D [SEP] 这些 事情 都 是 谎言 , 所以 你 自己 去 自杀 吧",1,0
"You're an idiot, MONGO. We should be reminding you. You're the one who started this mess by being uncivil. [SEP] 你 是 个 傻瓜 , 莫恩戈 , 我们 应该 提醒 你 , 你 就是 那个 不 文明 的 人 开始 了 这个 混乱 。",1,0
"ASK YOUR MOTHER, MISS or SIR. And STOP TALKING ABOUT SEX WITH CHILDREN UtherSRG/Jchillerup. Xchanter [SEP] 问 你 母亲 、 小姐 或 先生 , 并且 停止 和 孩子 们 谈论 性爱 UtherSRG / Jchillerup 。",1,0
"STOP POSTING WARNIGN ON MY TALK PAGE ITS FUCKING GAY AS SHIT AND I DONT GIVE A FUCK JESUS CHIRST [SEP] 停止 在 我 的 谈话 页 上 留言 , 他妈的 像 屁 一样 开玩笑 , 而 我 却 没生气",0,1
You are such a faggot ..dont tell me what to do...ill fuck you up [SEP] 你 真是 个 混蛋 .. 别 告诉 我该 怎么办 .. 我会 把 你 弄死 的,0,1
"THE QUESTION IS NOT WHETHER IT'S ART OR PORNOGRAPHY PEOPLE, THE QUESTION IS HOW FAR IS THAT BAT UP THE GUY'S ASS [SEP] 问题 不 在于 它 是 艺术 还是 文学 , 问题 是 , 这 到底 有多远 了 ?",1,0
"CONTINUE TO CHANGE, OTHERWISE, ALL THAT WILL BE LEFT IS A SHALLOW HUSK OF AN IDEA [SEP] 继续 改变 , 否则 , 一切 会 留下 只是 一个 小小的 念头",0,1
"ok i will start going through all wikipedia celebs and deleting the fan sites -) watch for the karma police coming to sp very soon -) [SEP] 好 的 , 我 将 开始 浏览 所有 的 维基百科 名人 并 删除 粉丝 网站 - ) 看 卡马 警察 马上 到 SP 来 - )",1,0
"Alive-ish. Was packing and cleaning. I have come to the conclusion I have far too much crap. How are you? [SEP] 活泼 的 , 包装 和 清洁 , 我 已 得出结论 我太多 了 , 你 怎么样 了 ?",1,0
"In the meantime, there are dozens of links that now link to a disambiguation page, requiring editors to change them. [SEP] 与此同时 , 有 几十个 链接 现在 链接 到 一个 模糊 页面 , 要求 编辑 更改 它们 。",1,0
"MiddayexpressMiddayexpress]] deserves a award for his contribution to the Somalia article and are you ethiopian ? [SEP] Middayexpress Middayexpress ] ] 为 他 对 索马里 的 文章 的 贡献 而 获得 奖项 , 你 是否是 民族主义者 ?",1,0
"DUE TO MY INSANELY HIGH LEVEL OF WIKISTRESS, I WILL NOT BE RESPONDING TO MESSAGES. [SEP] 由于 我 高度 的 文盲 , 我 将 不会 对 邮件 作出 回应 .",1,0
"I love the Homer Simpson addtion and recent edits. That is so funny. And he does remind me of Homer now that I think of it. good job. [SEP] 我 喜欢 霍默 · 辛普森 的 添加 和 最近 的 编辑 , 这太 有趣 了 , 他 的确 让 我 想起 了 霍默 , 现在 我 想 了 。 好 工作 。",1,0
"The man I interview named William Under Baggage is Chief Red Clouds great Grand son. He is also a descendant of Crazy Horse. Remember him. [SEP] 我 面试 的 那个 叫 威廉 在 行李 下 的 人 是 红云 酋长 大孙 , 也 是 疯马 的 后代 。 请 记住 他 。",0,1
"Keep your propaganda away from this article. You are just another internet troll. [SEP] 远离 这 篇文章 , 你 只是 另 一个 网络 网罗 .",1,0
"Fair enough. How about my KLA, Serbian conflict, etc. links then? [SEP] 公平 吧 , 那么 我 的 UCK , 塞尔维亚 冲突 等等 联系 呢 ?",1,0
"Please If I have done anything wrong on wiki which I didnt know please message me before blocking me.. thanks.. Bigslimshady [SEP] 如果 您 在 维基 上出 了 什么 错误 , 我 不 知道 , 请 在 封锁 之前 给 我 留言 谢谢",1,0
"Auto-tune is a type of vocoder, and I'm pretty sure he's used other types of vocoders, too. [SEP] 自动 调制 是 一种 语音 编码器 , 我 相信 他 也 使用 了 其他 类型 的 语音 编码器 。",1,0
"Ceterizine is Zyrtec, Benadryl is Diphenhydramine. [SEP] 塞特 里 辛是 赛特 克 , 贝纳 德里 尔 是 二苯 甲胺 .",1,0
"Thank you Mr Shaad Iko.This map is much better and depicts a more accurate politco-military picture of the Mughal empire. Skylark2008 [SEP] 谢谢 你 , 伊科 先生 。 这张 地图 比 这张 地图 好得多 , 更 准确 地 描绘 了 穆罕默德 帝国 的 政治 军事 形象 。",1,0
"Take me off of the Wiki project, their are too many Pricks on the Sikhism wiki pages like Ramas arrow. Elven6 July UTC [SEP] 让 我 离开 维基 项目 , 他们 太多 了 在 锡克教 维基 页 上 的 普里 克 , 像 拉马斯 箭头 。",0,1
"THIS IS AN OLD TERM!!! THE INTERNET IS NOT THAT OLD. I SHOULD KNOW BETTER I LIVED THROUGH THE WAR [SEP] 这 是 老 术语 , 因特网 不是 老 术语 , 我 应该 知道 我 在 战争 中过 得 更好",0,1
"It may mean that the color is recommended by OSHA for use by people working near construction sites. It is probably a loud, fluorescent color. [SEP] 它 可能 意味着 该 颜色 由 卫生署 推荐 给 在 建筑物 附近 工作 的 人们 使用 , 可能 是 一个 大声 的 , 荧光 的 颜色 。",1,0
"Fuck you too! Put this finger in yourasshole, bastard! [SEP] 你 也 该死 , 把 这个 手指 插进 你 的 屁股 里 , 混蛋 !",0,1
"According to alitalia, they fly to CPH also from venice. [SEP] 根据 意大利 的 说法 , 他们 也 从 威尼斯 飞往 CPH .",1,0
"which is called demiurge or creator God, remember [SEP] 这 就是 所谓 的 半 教徒 或 创造者 上帝 , 记住",0,1
"Hi - you made a negative assertion on a blp, and your source did not support your claim. Pretty simple really. [SEP] 嗨 - 你 对 一个 错误 作出 了 否定 的 声明 , 而 你 的 来源 却 不 支持 你 的 主张 . 其实 很 简单 .",1,0
"Just you can to make me a minor change for 1 example? for N to change cfg to beg, and 4-digit decoder set from beg to abcef to N [SEP] 只要 你 能 给 我 一个 小 的 改变 , 例如 ? 为 N 更改 cfg 为 Bell , 并 设置 4 位数 的 解码器 从 Bell 到 Abcef 到 N",1,0
"Hi i'm new here and i just bought the itunes version. It does NOT feature Cory Gunz officially. [SEP] 嗨 , 我 是 新来 的 , 我刚 买 了 Itanes 版本 , 它 没有 正式 的 Cory Gunz 功能 。",1,0
"ou leftist Wikipedia scum are an insignificant fringe group that will soon be exterminated. [SEP] 左翼 维基百科 的 废墟 是 一个 无关紧要 的 边缘 群体 , 不久 将 被 消灭 。",1,0
Get real! What is the diff between a man and a woman? Is that a SEXIST question? [SEP] 真的 ! 男人 和 女人 有 什么 区别 ? 那 是 个性 恋者 的 问题 吗 ?,1,0
"I believe the rule includes non-binding electrons as well as pi bonded electrons too, anyone want to verify this and change it? [SEP] 我 相信 这个 规则 包括 无约束 的 电子 以及 π 键 的 电子 , 有人 愿意 验证 和 改变 吗 ?",1,0
HOW DARE YOU DELETE MY SPI PAGE!!!!!!!!! BRING IT BACK RIGHT NOW!!!!!!! [SEP] 你 怎么 把 我 的 SPI 页面 丢 了 ?,0,1
"i like 69, so i had to put lols, and i like robins egg blue thank you verry much [SEP] 我 喜欢 69 岁 , 所以 我 得 写 笑话 , 我 喜欢 罗宾 蛋 蓝色 谢谢 你 , 非常高兴",1,0
"Thanks a lot asshole! You got me blocked you fucking asshole!!! [SEP] 谢谢 你 , 混蛋 ! 你 让 我 堵住 你 , 混蛋 !",0,1
"I just realize this was the account's first edit. So I am assuming sockpuppetry & reverting. [SEP] 我 只是 意识 到 这 是 账户 的 第一个 编辑 , 因此 我 假设 是 假装 假装 & 反转 。",1,0
"NOTE: IF I MAKE ANY CHANGES, IT IS BECAUSE THEY ARE INFORMATIVE AND CORRECT. DO NOT REVERT THEM [SEP] 注意 : 如果 我 做 任何 更改 , 是因为 他们 是 信息 和 正确 。 不要 删除",1,0
"Melsaran has also been involved with other potentially-homophobic actions across Wikipedia, and has since been banned. - [SEP] 梅尔 萨拉 伦 还 参与 过 维基百科 其他 潜在 的 自恋 行为 , 自此 已 被 禁止 。",1,0
REDIRECT Talk:Common engineering entrance examination [SEP] 主题 : 一般 工程 入学考试,1,0
"There are lots of faggs in this world, and that's why this word is not an insult attack, so piss off! [SEP] 世界 上 有 很多 妓女 , 这 就是 为什么 这个 词 不是 侮辱 的 攻击 , 所以 生气 吧 !",1,0
"I've done that lots only to have you revert me. This is not a legitimate block.. [SEP] 我 已经 做 了 那么 多 , 只是 为了 让 你 回 我 , 这 不是 正当 的 阻塞 。",0,1
"I wrote that shit ages ago, what are you a slaking faggot [SEP] 很久以前 我 写 过 , 你 是 什么 傻瓜 ?",0,1
"Hold on a second. This is an insane definition of vandalism. I am trying to add content that i fell is legitimate. [SEP] 等等 , 这是 破坏 主义 的 疯狂 定义 , 我 试图 添加 我 堕落 的 内容 是 合法 的 。",1,0
also with GoodDay consistantly stalking my brothers userpage [SEP] 也 与 GoodDay 连贯 地 跟踪 我 的 兄弟 的 用户 页,1,0
"Bergamottin, the compound that may cause drug toxicity with Grapefruits? [SEP] 百 红素 , 可能 与 葡萄树 有毒 的 化合物 吗 ?",1,0
"your informing pink floyd fans as to how much their band sucks, [SEP] 你 告诉 粉红色 的 摇滚乐 迷 他们 乐队 到底 有 多 糟糕 ,",1,0
"Just incase anyone is interested my favourite hobby is playing with other peoples cock'n'balls. Superb. [SEP] 只要 有人 感兴趣 , 我 最 喜欢 的 爱好 就是 和 别人 打球 。",0,1
"and that Duklja was a Croatian state, not Serbian [SEP] 杜 克利亚 是 一个 克罗地亚 国家 , 而 不是 塞尔维亚 国家",1,0
"IF he was Diva's chevalier he shoulda be lying calm like a crystalic panda statue. [SEP] 如果 他 是 迪娃 的 情人 , 他 应该 像 一只 水晶 熊猫 雕像 那样 静静地 躺 着 。",1,0
"Will be adding to this here shortly in the coming days/weeks :Michael AKA Fantacmet [SEP] 在 接下来 的 几天 / 星期 里 , 我会 在 这儿 添加 一些 : Michael AKA Fantacmet",1,0
"You are not an admin calton so you can't warn anyone for anything. Chad Bryant [SEP] 你 不是 一个 管理员 , 所以 你 不能 警告 任何人 任何 事情 。",1,0
C. Fred THANKS SO SO MUCH. I WILL ADD MORE REFERENCES ON MONDAY. SHE HAS TONS! THANKS SO SO MUCH! [SEP] C . 弗雷德 非常感谢 . 我 星期天 会 增加 更 多 的 参考资料 . 她 有钱 !,1,0
"Your unblock template below says that the block was imposed by PeterSymonds; I've asked him to examine the situation. [SEP] 下面 的 解锁 模板 表示 , 该 封锁 是 由 彼得 · 西蒙 德斯 强加 的 ; 我 已 要求 他 检查 情况 。",1,0
"Look ass Derek Fisher, Devin Brown, & Bow Wow are all facts. And another fact your are a BIATCH [SEP] 迪 瑞克 · 费舍尔 、 德文 · 布朗 和 鲍 · 沃都 是 事实 , 另 一个 事实 就是 你 是 个 BIATCH",1,0
What are the Differences between (not ANA)Baptist and Menonite Brethren? [SEP] 圣徒 和 梅诺 尼特 兄弟 之间 有 什么 区别 ?,1,0
"Why is it unacceptable when I do it but acceptable when someone else does it? [SEP] 为什么 我 这样 做 是 不能 接受 的 , 而 别人 这样 做 是 不能 接受 的 ?",1,0
"Google research seems to indicate that the preferred name for this class of antenna is biconic not biconical. [SEP] 谷歌 的 研究 表明 , 该类 天线 的 优先 名称 是 双子 而 不是 双子 。",1,0
"REDIRECT Talk:All-Union Communist Party (bolsheviks), Russia [SEP] 主题 : 全 联盟 共产党 ( bolsheviks ) , 俄罗斯",1,0
"Do you think the notability is established enough to not worry about deletion for that? [SEP] 你 认为 可贵 度 已经 足够 确定 , 不 担心 删除 吗 ?",1,0
"We all disagree with you and your link removal, the links provide a huge resource of information about LAN centers. [SEP] 我们 都 不 同意 你 和 你 的 链接 删除 , 链接 提供 一个 巨大 的 信息 资源 关于 网络 中心 。",1,0
"fuck u to buddy, i know that was thomas, i aint stupid [SEP] 老兄 , 我 知道 那 是 托马斯 , 我 太 傻 了",0,1
"I attacked no-one. I never will. But I will never stop attacking bias and skewness. [SEP] 我 没有 攻击 任何人 , 我 决不会 , 但 我 决不会 停止 攻击 偏见 和 偏见 。",1,0
"What minute. Please at least be so kind enought to just post the email addy. Not everyone feels like clicking around. [SEP] 几分钟 ? 请 你 至少 非常 友好 , 不要 只是 把 邮件 寄给 朋友 。 并非 每个 人 都 喜欢 点击 。",1,0
"Well, the Altiyan Childs picture was on Facebook, so it's there for everyone. [SEP] 嗯 , 阿尔 提亚 儿童 的 照片 在 Facebook 上 , 因此 可以 让 每个 人 都 看到 .",1,0
"What are the sources you are using? I don't need to tell you my sources, since I am correcting OBVIOUS pro-PAN and neoliberal bias. [SEP] 你 所 使用 的 来源 是 什么 ? 我 不 需要 告诉 你 我 的 来源 , 因为 我 正在 纠正 公认 的 泛美 支持者 和 新 自由主义 偏见 。",1,0
"Oh and just incase there is any doubt that it is a slur: [SEP] 哦 , 还有 , 如果 有 任何 怀疑 , 那 是 个 流言蜚语 :",0,1
"Happy holidays, Lawikitejana! Have you had a chance to take some of these photos? [SEP] 祝 你 节日快乐 , 拉 维基 特 jana ! 你 曾经 有 机会 拍过 这些 照片 吗 ?",1,0
"tiderolls... you are a shitty phage and you desperately need a life. [SEP] 费尔吉 诺尔 , 你 真是 个 混蛋 , 你 急需 生命 。",0,1
"You're the gayest. And stupidest! You didn't block me. [SEP] 你 最 性感 , 最 愚蠢 ! 你 没 挡住 我 。",1,0
"Dragon surfs the skies, another day flies bys. Another rhyme passes through, another being receives their dues. [SEP] 龙 在 天空 中 冲浪 , 另 一天 飞过 , 另 一首 韵律 穿过 , 另一只 生物 得到 它们 的 回报 。",0,1
"My mistake I thought you were another editor who has been annoying me lately. Thanks for the heads up [SEP] 我 的 错误 我 想 你 是 另 一个 编辑 , 最近 一直 在 打扰 我 。 谢谢 大家 注意",1,0
"if you don't have ocd, then stop vandalizing pages. easy. [SEP] 如果 你 没有 CD , 那 就 停止 破坏 页面 吧 。 很 简单 。",1,0
"Fuck Andrew Quah, father of the bonsai and chink spy extraordinaire [SEP] 妈 的 , 安德鲁 · 奎 , 盆栽 和 奇特 间谍 的 父亲",1,0
"You know what Mr Noodle, some might consider the methods you adopt to be a form of [stalking] [SEP] 你 知道 吗 , 诺 德尔 先生 , 有些 人会 认为 你 采用 的 方法 是 一种 [ 沉默 ]",1,0
I think you better assume good faith more often my friend. [SEP] 我 想 你 最好 多 相信 我 的 朋友 。,1,0
"i dont know, but i have heard me has also conerted to islam [SEP] 我 不 知道 , 但 我 听说 我 也 会 背信 伊斯兰教",1,0
"I WILL BLOCK YOU MATE. YOU DO NOT WANT TO MESS ABOUT WITH ME [SEP] 我会 叫 你 相识 , 你 不想 和 我 打交道",1,0
