{
    "Decision Tree": {
        "accuracy": 0.8961864406779662,
        "precision": 0.9384647046717431,
        "recall": 0.95,
        "f1": 0.9441971218552645,
        "auc_roc": 0.5360180165816326
    },
    "Random Forest": {
        "accuracy": 0.9281587057010786,
        "precision": 0.9361576354679803,
        "recall": 0.9897916666666666,
        "f1": 0.9622278481012658,
        "auc_roc": 0.7576666135204082
    },
    "Logistic Regression": {
        "accuracy": 0.9291217257318952,
        "precision": 0.9353634577603144,
        "recall": 0.991875,
        "f1": 0.9627906976744186,
        "auc_roc": 0.7778616602891156
    }
}
