{
    "Decision Tree": {
        "accuracy": 0.6852970795568983,
        "precision": 0.7961413693016903,
        "recall": 0.7812028815546993,
        "f1": 0.7886013867749028,
        "auc_roc": 0.5934096842123122
    },
    "Random Forest": {
        "accuracy": 0.7783232628398792,
        "precision": 0.8017785427423981,
        "recall": 0.9365052772658736,
        "f1": 0.8639208716482496,
        "auc_roc": 0.7075001643512578
    },
    "Logistic Regression": {
        "accuracy": 0.7814702920443102,
        "precision": 0.7936728180935202,
        "recall": 0.9582844697604289,
        "f1": 0.8682452944748027,
        "auc_roc": 0.7314068785772907
    }
}
